model,market,network_id,network,verdict,missing_bands
eg25-g,GB,ee,EE,good,
eg25-g,GB,o2,O2,good,
eg25-g,GB,vodafone,Vodafone,good,
eg25-g,GB,three,Three,good,
eg25-g,US,att,AT&T,good,
eg25-g,US,verizon,Verizon,good,
eg25-g,US,t-mobile,T-Mobile,limited,B66 B71
eg25-g,KR,skt,SK Telecom,good,
eg25-g,KR,kt,KT,good,
eg25-g,KR,lg-uplus,LG U+,good,
eg25-g,CN,china-mobile,China Mobile,limited,B34
eg25-g,CN,china-telecom,China Telecom,good,
eg25-g,CN,china-unicom,China Unicom,good,
eg25-g,CN,china-broadnet,China Broadnet,good,
eg25-g,JP,ntt-docomo,NTT docomo,good,
eg25-g,JP,kddi,KDDI (au),good,
eg25-g,JP,softbank,SoftBank,good,
eg25-g,JP,rakuten,Rakuten Mobile,good,
eg25-g,DE,telekom-de,Deutsche Telekom,good,
eg25-g,DE,vodafone-de,Vodafone,good,
eg25-g,DE,o2-de,O2 Telefónica,good,
eg25-g,FR,orange-fr,Orange,good,
eg25-g,FR,sfr,SFR,good,
eg25-g,FR,bouygues,Bouygues Telecom,good,
eg25-g,FR,free-fr,Free Mobile,good,
eg25-g,AE,etisalat,e& (Etisalat),good,
eg25-g,AE,du,du,good,
eg25-g,SA,stc-sa,stc,good,
eg25-g,SA,mobily,Mobily,good,
eg25-g,SA,zain-sa,Zain KSA,good,
eg25-g,QA,ooredoo-qa,Ooredoo Qatar,good,
eg25-g,QA,vodafone-qa,Vodafone Qatar,good,
eg25-g,KW,ooredoo-kw,Ooredoo Kuwait,good,
eg25-g,KW,zain-kw,Zain Kuwait,good,
eg25-g,KW,stc-kw,stc Kuwait,good,
eg25-g,IL,partner-il,Partner,good,
eg25-g,IL,hot-il,HOT Mobile,good,
eg25-g,IL,cellcom-il,Cellcom,good,
eg25-g,IL,pelephone-il,Pelephone,good,
eg25-g,CA,rogers-ca,Rogers,good,
eg25-g,CA,bell-ca,Bell,good,
eg25-g,CA,telus-ca,TELUS,good,
eg25-g,IT,tim-it,TIM,good,
eg25-g,IT,vodafone-it,Vodafone,good,
eg25-g,IT,windtre-it,WindTre,good,
eg25-g,IT,iliad-it,Iliad,good,
eg25-g,NL,kpn,KPN,good,
eg25-g,NL,vodafone-nl,Vodafone,good,
eg25-g,NL,odido,Odido,good,
eg25-g,PL,orange-pl,Orange,good,
eg25-g,PL,tmobile-pl,T-Mobile,good,
eg25-g,PL,play-pl,Play,good,
eg25-g,PL,plus-pl,Plus,good,
eg25-g,MX,telcel,Telcel,good,
eg25-g,MX,att-mx,AT&T,good,
eg25-g,MX,altan,Altán,good,
eg25-g,BR,vivo-br,Vivo,good,
eg25-g,BR,claro-br,Claro,good,
eg25-g,BR,tim-br,TIM,good,
eg25-g,IN,jio,Jio,good,
eg25-g,IN,airtel,Airtel,good,
eg25-g,IN,vi-in,Vi,good,
eg25-g,IN,bsnl,BSNL,good,
eg25-g,SG,singtel,Singtel,good,
eg25-g,SG,starhub,StarHub,good,
eg25-g,SG,m1,M1,good,
eg25-g,SG,simba,SIMBA,good,
eg25-g,ID,telkomsel,Telkomsel,good,
eg25-g,ID,indosat,Indosat,good,
eg25-g,ID,xlsmart,XLSMART,good,
eg25-g,TR,turkcell,Turkcell,good,
eg25-g,TR,vodafone-tr,Vodafone,good,
eg25-g,TR,turktelekom,Türk Telekom,good,
eg25-g,ES,movistar-es,Movistar,good,
eg25-g,ES,vodafone-es,Vodafone,good,
eg25-g,ES,masorange-es,MasOrange,good,
eg25-g,AU,telstra-au,Telstra,good,
eg25-g,AU,optus-au,Optus,good,
eg25-g,AU,vodafone-au,Vodafone,good,
eg25-g,NZ,spark-nz,Spark,good,
eg25-g,NZ,one-nz,One NZ,good,
eg25-g,NZ,2degrees-nz,2degrees,good,
sim7600g-h,GB,ee,EE,good,
sim7600g-h,GB,o2,O2,good,
sim7600g-h,GB,vodafone,Vodafone,good,
sim7600g-h,GB,three,Three,good,
sim7600g-h,US,att,AT&T,good,
sim7600g-h,US,verizon,Verizon,good,
sim7600g-h,US,t-mobile,T-Mobile,limited,B71
sim7600g-h,KR,skt,SK Telecom,good,
sim7600g-h,KR,kt,KT,good,
sim7600g-h,KR,lg-uplus,LG U+,good,
sim7600g-h,CN,china-mobile,China Mobile,good,
sim7600g-h,CN,china-telecom,China Telecom,good,
sim7600g-h,CN,china-unicom,China Unicom,good,
sim7600g-h,CN,china-broadnet,China Broadnet,good,
sim7600g-h,JP,ntt-docomo,NTT docomo,good,
sim7600g-h,JP,kddi,KDDI (au),good,
sim7600g-h,JP,softbank,SoftBank,good,
sim7600g-h,JP,rakuten,Rakuten Mobile,good,
sim7600g-h,DE,telekom-de,Deutsche Telekom,good,
sim7600g-h,DE,vodafone-de,Vodafone,good,
sim7600g-h,DE,o2-de,O2 Telefónica,good,
sim7600g-h,FR,orange-fr,Orange,good,
sim7600g-h,FR,sfr,SFR,good,
sim7600g-h,FR,bouygues,Bouygues Telecom,good,
sim7600g-h,FR,free-fr,Free Mobile,good,
sim7600g-h,AE,etisalat,e& (Etisalat),good,
sim7600g-h,AE,du,du,good,
sim7600g-h,SA,stc-sa,stc,good,
sim7600g-h,SA,mobily,Mobily,good,
sim7600g-h,SA,zain-sa,Zain KSA,good,
sim7600g-h,QA,ooredoo-qa,Ooredoo Qatar,good,
sim7600g-h,QA,vodafone-qa,Vodafone Qatar,good,
sim7600g-h,KW,ooredoo-kw,Ooredoo Kuwait,good,
sim7600g-h,KW,zain-kw,Zain Kuwait,good,
sim7600g-h,KW,stc-kw,stc Kuwait,good,
sim7600g-h,IL,partner-il,Partner,good,
sim7600g-h,IL,hot-il,HOT Mobile,good,
sim7600g-h,IL,cellcom-il,Cellcom,good,
sim7600g-h,IL,pelephone-il,Pelephone,good,
sim7600g-h,CA,rogers-ca,Rogers,good,
sim7600g-h,CA,bell-ca,Bell,good,
sim7600g-h,CA,telus-ca,TELUS,good,
sim7600g-h,IT,tim-it,TIM,good,
sim7600g-h,IT,vodafone-it,Vodafone,good,
sim7600g-h,IT,windtre-it,WindTre,good,
sim7600g-h,IT,iliad-it,Iliad,good,
sim7600g-h,NL,kpn,KPN,good,
sim7600g-h,NL,vodafone-nl,Vodafone,good,
sim7600g-h,NL,odido,Odido,good,
sim7600g-h,PL,orange-pl,Orange,good,
sim7600g-h,PL,tmobile-pl,T-Mobile,good,
sim7600g-h,PL,play-pl,Play,good,
sim7600g-h,PL,plus-pl,Plus,good,
sim7600g-h,MX,telcel,Telcel,good,
sim7600g-h,MX,att-mx,AT&T,good,
sim7600g-h,MX,altan,Altán,good,
sim7600g-h,BR,vivo-br,Vivo,good,
sim7600g-h,BR,claro-br,Claro,good,
sim7600g-h,BR,tim-br,TIM,good,
sim7600g-h,IN,jio,Jio,good,
sim7600g-h,IN,airtel,Airtel,good,
sim7600g-h,IN,vi-in,Vi,good,
sim7600g-h,IN,bsnl,BSNL,good,
sim7600g-h,SG,singtel,Singtel,good,
sim7600g-h,SG,starhub,StarHub,good,
sim7600g-h,SG,m1,M1,good,
sim7600g-h,SG,simba,SIMBA,good,
sim7600g-h,ID,telkomsel,Telkomsel,good,
sim7600g-h,ID,indosat,Indosat,good,
sim7600g-h,ID,xlsmart,XLSMART,good,
sim7600g-h,TR,turkcell,Turkcell,good,
sim7600g-h,TR,vodafone-tr,Vodafone,good,
sim7600g-h,TR,turktelekom,Türk Telekom,good,
sim7600g-h,ES,movistar-es,Movistar,good,
sim7600g-h,ES,vodafone-es,Vodafone,good,
sim7600g-h,ES,masorange-es,MasOrange,good,
sim7600g-h,AU,telstra-au,Telstra,good,
sim7600g-h,AU,optus-au,Optus,good,
sim7600g-h,AU,vodafone-au,Vodafone,good,
sim7600g-h,NZ,spark-nz,Spark,good,
sim7600g-h,NZ,one-nz,One NZ,good,
sim7600g-h,NZ,2degrees-nz,2degrees,good,
bg95-m3,GB,ee,EE,unk,B7
bg95-m3,GB,o2,O2,unk,
bg95-m3,GB,vodafone,Vodafone,good,B7
bg95-m3,GB,three,Three,unk,
bg95-m3,US,att,AT&T,good,
bg95-m3,US,verizon,Verizon,good,
bg95-m3,US,t-mobile,T-Mobile,good,
bg95-m3,KR,skt,SK Telecom,unk,
bg95-m3,KR,kt,KT,good,
bg95-m3,KR,lg-uplus,LG U+,good,
bg95-m3,CN,china-mobile,China Mobile,good,B34 B38 B39 B40
bg95-m3,CN,china-telecom,China Telecom,good,
bg95-m3,CN,china-unicom,China Unicom,good,
bg95-m3,CN,china-broadnet,China Broadnet,unk,
bg95-m3,JP,ntt-docomo,NTT docomo,good,
bg95-m3,JP,kddi,KDDI (au),good,
bg95-m3,JP,softbank,SoftBank,good,
bg95-m3,JP,rakuten,Rakuten Mobile,unk,
bg95-m3,DE,telekom-de,Deutsche Telekom,good,
bg95-m3,DE,vodafone-de,Vodafone,good,
bg95-m3,DE,o2-de,O2 Telefónica,good,
bg95-m3,FR,orange-fr,Orange,good,
bg95-m3,FR,sfr,SFR,good,
bg95-m3,FR,bouygues,Bouygues Telecom,good,
bg95-m3,FR,free-fr,Free Mobile,unk,
bg95-m3,AE,etisalat,e& (Etisalat),good,
bg95-m3,AE,du,du,good,
bg95-m3,SA,stc-sa,stc,limited,
bg95-m3,SA,mobily,Mobily,limited,
bg95-m3,SA,zain-sa,Zain KSA,unk,
bg95-m3,QA,ooredoo-qa,Ooredoo Qatar,good,
bg95-m3,QA,vodafone-qa,Vodafone Qatar,unk,
bg95-m3,KW,ooredoo-kw,Ooredoo Kuwait,unk,
bg95-m3,KW,zain-kw,Zain Kuwait,unk,
bg95-m3,KW,stc-kw,stc Kuwait,unk,
bg95-m3,IL,partner-il,Partner,unk,
bg95-m3,IL,hot-il,HOT Mobile,unk,
bg95-m3,IL,cellcom-il,Cellcom,unk,
bg95-m3,IL,pelephone-il,Pelephone,good,
bg95-m3,CA,rogers-ca,Rogers,good,
bg95-m3,CA,bell-ca,Bell,good,
bg95-m3,CA,telus-ca,TELUS,good,
bg95-m3,IT,tim-it,TIM,good,
bg95-m3,IT,vodafone-it,Vodafone,good,
bg95-m3,IT,windtre-it,WindTre,unk,
bg95-m3,IT,iliad-it,Iliad,unk,
bg95-m3,NL,kpn,KPN,good,
bg95-m3,NL,vodafone-nl,Vodafone,good,
bg95-m3,NL,odido,Odido,good,
bg95-m3,PL,orange-pl,Orange,good,
bg95-m3,PL,tmobile-pl,T-Mobile,good,
bg95-m3,PL,play-pl,Play,unk,
bg95-m3,PL,plus-pl,Plus,unk,B7
bg95-m3,MX,telcel,Telcel,limited,
bg95-m3,MX,att-mx,AT&T,limited,
bg95-m3,MX,altan,Altán,unk,
bg95-m3,BR,vivo-br,Vivo,good,
bg95-m3,BR,claro-br,Claro,unk,
bg95-m3,BR,tim-br,TIM,good,
bg95-m3,IN,jio,Jio,good,
bg95-m3,IN,airtel,Airtel,unk,B40
bg95-m3,IN,vi-in,Vi,unk,B40
bg95-m3,IN,bsnl,BSNL,unk,B41
bg95-m3,SG,singtel,Singtel,good,
bg95-m3,SG,starhub,StarHub,good,
bg95-m3,SG,m1,M1,limited,
bg95-m3,SG,simba,SIMBA,unk,B40
bg95-m3,ID,telkomsel,Telkomsel,good,
bg95-m3,ID,indosat,Indosat,unk,
bg95-m3,ID,xlsmart,XLSMART,good,
bg95-m3,TR,turkcell,Turkcell,good,
bg95-m3,TR,vodafone-tr,Vodafone,good,
bg95-m3,TR,turktelekom,Türk Telekom,unk,
bg95-m3,ES,movistar-es,Movistar,good,
bg95-m3,ES,vodafone-es,Vodafone,good,
bg95-m3,ES,masorange-es,MasOrange,good,
bg95-m3,AU,telstra-au,Telstra,good,
bg95-m3,AU,optus-au,Optus,good,
bg95-m3,AU,vodafone-au,Vodafone,good,
bg95-m3,NZ,spark-nz,Spark,good,
bg95-m3,NZ,one-nz,One NZ,good,
bg95-m3,NZ,2degrees-nz,2degrees,unk,
eg915u-eu,GB,ee,EE,good,
eg915u-eu,GB,o2,O2,good,
eg915u-eu,GB,vodafone,Vodafone,good,
eg915u-eu,GB,three,Three,good,
eg915u-eu,US,att,AT&T,limited,B2 B4 B12 B17
eg915u-eu,US,verizon,Verizon,limited,B13
eg915u-eu,US,t-mobile,T-Mobile,no,B2 B12 B66 B71
eg915u-eu,KR,skt,SK Telecom,good,
eg915u-eu,KR,kt,KT,good,
eg915u-eu,KR,lg-uplus,LG U+,good,
eg915u-eu,CN,china-mobile,China Mobile,limited,B34 B38 B39 B40
eg915u-eu,CN,china-telecom,China Telecom,good,
eg915u-eu,CN,china-unicom,China Unicom,good,
eg915u-eu,CN,china-broadnet,China Broadnet,good,
eg915u-eu,JP,ntt-docomo,NTT docomo,good,
eg915u-eu,JP,kddi,KDDI (au),limited,
eg915u-eu,JP,softbank,SoftBank,good,
eg915u-eu,JP,rakuten,Rakuten Mobile,limited,
eg915u-eu,DE,telekom-de,Deutsche Telekom,good,
eg915u-eu,DE,vodafone-de,Vodafone,good,
eg915u-eu,DE,o2-de,O2 Telefónica,good,
eg915u-eu,FR,orange-fr,Orange,good,
eg915u-eu,FR,sfr,SFR,good,
eg915u-eu,FR,bouygues,Bouygues Telecom,good,
eg915u-eu,FR,free-fr,Free Mobile,good,
eg915u-eu,AE,etisalat,e& (Etisalat),good,
eg915u-eu,AE,du,du,good,
eg915u-eu,SA,stc-sa,stc,good,
eg915u-eu,SA,mobily,Mobily,limited,
eg915u-eu,SA,zain-sa,Zain KSA,good,
eg915u-eu,QA,ooredoo-qa,Ooredoo Qatar,good,
eg915u-eu,QA,vodafone-qa,Vodafone Qatar,good,
eg915u-eu,KW,ooredoo-kw,Ooredoo Kuwait,good,
eg915u-eu,KW,zain-kw,Zain Kuwait,good,
eg915u-eu,KW,stc-kw,stc Kuwait,good,
eg915u-eu,IL,partner-il,Partner,good,
eg915u-eu,IL,hot-il,HOT Mobile,good,
eg915u-eu,IL,cellcom-il,Cellcom,good,
eg915u-eu,IL,pelephone-il,Pelephone,good,
eg915u-eu,CA,rogers-ca,Rogers,limited,B4 B12
eg915u-eu,CA,bell-ca,Bell,limited,B2 B4 B12
eg915u-eu,CA,telus-ca,TELUS,limited,B2 B12 B4
eg915u-eu,IT,tim-it,TIM,good,
eg915u-eu,IT,vodafone-it,Vodafone,good,
eg915u-eu,IT,windtre-it,WindTre,good,
eg915u-eu,IT,iliad-it,Iliad,good,
eg915u-eu,NL,kpn,KPN,good,
eg915u-eu,NL,vodafone-nl,Vodafone,good,
eg915u-eu,NL,odido,Odido,good,
eg915u-eu,PL,orange-pl,Orange,good,
eg915u-eu,PL,tmobile-pl,T-Mobile,good,
eg915u-eu,PL,play-pl,Play,good,
eg915u-eu,PL,plus-pl,Plus,good,
eg915u-eu,MX,telcel,Telcel,limited,B4
eg915u-eu,MX,att-mx,AT&T,no,B2 B4
eg915u-eu,MX,altan,Altán,good,
eg915u-eu,BR,vivo-br,Vivo,good,
eg915u-eu,BR,claro-br,Claro,good,
eg915u-eu,BR,tim-br,TIM,good,
eg915u-eu,IN,jio,Jio,good,
eg915u-eu,IN,airtel,Airtel,limited,B40
eg915u-eu,IN,vi-in,Vi,limited,B40
eg915u-eu,IN,bsnl,BSNL,no,B41
eg915u-eu,SG,singtel,Singtel,good,
eg915u-eu,SG,starhub,StarHub,good,
eg915u-eu,SG,m1,M1,good,
eg915u-eu,SG,simba,SIMBA,limited,B40
eg915u-eu,ID,telkomsel,Telkomsel,good,
eg915u-eu,ID,indosat,Indosat,good,
eg915u-eu,ID,xlsmart,XLSMART,good,
eg915u-eu,TR,turkcell,Turkcell,good,
eg915u-eu,TR,vodafone-tr,Vodafone,good,
eg915u-eu,TR,turktelekom,Türk Telekom,good,
eg915u-eu,ES,movistar-es,Movistar,good,
eg915u-eu,ES,vodafone-es,Vodafone,good,
eg915u-eu,ES,masorange-es,MasOrange,good,
eg915u-eu,AU,telstra-au,Telstra,good,
eg915u-eu,AU,optus-au,Optus,good,
eg915u-eu,AU,vodafone-au,Vodafone,good,
eg915u-eu,NZ,spark-nz,Spark,good,
eg915u-eu,NZ,one-nz,One NZ,good,
eg915u-eu,NZ,2degrees-nz,2degrees,good,
sara-r510m8s,GB,ee,EE,unk,B7
sara-r510m8s,GB,o2,O2,unk,
sara-r510m8s,GB,vodafone,Vodafone,good,B7
sara-r510m8s,GB,three,Three,unk,
sara-r510m8s,US,att,AT&T,good,
sara-r510m8s,US,verizon,Verizon,good,
sara-r510m8s,US,t-mobile,T-Mobile,good,
sara-r510m8s,KR,skt,SK Telecom,unk,
sara-r510m8s,KR,kt,KT,good,
sara-r510m8s,KR,lg-uplus,LG U+,good,
sara-r510m8s,CN,china-mobile,China Mobile,good,B34 B38 B39 B40
sara-r510m8s,CN,china-telecom,China Telecom,good,
sara-r510m8s,CN,china-unicom,China Unicom,good,
sara-r510m8s,CN,china-broadnet,China Broadnet,unk,
sara-r510m8s,JP,ntt-docomo,NTT docomo,good,
sara-r510m8s,JP,kddi,KDDI (au),good,
sara-r510m8s,JP,softbank,SoftBank,good,
sara-r510m8s,JP,rakuten,Rakuten Mobile,unk,
sara-r510m8s,DE,telekom-de,Deutsche Telekom,good,
sara-r510m8s,DE,vodafone-de,Vodafone,good,
sara-r510m8s,DE,o2-de,O2 Telefónica,good,
sara-r510m8s,FR,orange-fr,Orange,good,
sara-r510m8s,FR,sfr,SFR,good,
sara-r510m8s,FR,bouygues,Bouygues Telecom,good,
sara-r510m8s,FR,free-fr,Free Mobile,unk,
sara-r510m8s,AE,etisalat,e& (Etisalat),good,
sara-r510m8s,AE,du,du,good,
sara-r510m8s,SA,stc-sa,stc,limited,
sara-r510m8s,SA,mobily,Mobily,limited,
sara-r510m8s,SA,zain-sa,Zain KSA,unk,
sara-r510m8s,QA,ooredoo-qa,Ooredoo Qatar,good,
sara-r510m8s,QA,vodafone-qa,Vodafone Qatar,unk,
sara-r510m8s,KW,ooredoo-kw,Ooredoo Kuwait,unk,
sara-r510m8s,KW,zain-kw,Zain Kuwait,unk,
sara-r510m8s,KW,stc-kw,stc Kuwait,unk,
sara-r510m8s,IL,partner-il,Partner,unk,
sara-r510m8s,IL,hot-il,HOT Mobile,unk,
sara-r510m8s,IL,cellcom-il,Cellcom,unk,
sara-r510m8s,IL,pelephone-il,Pelephone,good,
sara-r510m8s,CA,rogers-ca,Rogers,good,
sara-r510m8s,CA,bell-ca,Bell,good,
sara-r510m8s,CA,telus-ca,TELUS,good,
sara-r510m8s,IT,tim-it,TIM,good,
sara-r510m8s,IT,vodafone-it,Vodafone,good,
sara-r510m8s,IT,windtre-it,WindTre,unk,
sara-r510m8s,IT,iliad-it,Iliad,unk,
sara-r510m8s,NL,kpn,KPN,good,
sara-r510m8s,NL,vodafone-nl,Vodafone,good,
sara-r510m8s,NL,odido,Odido,good,
sara-r510m8s,PL,orange-pl,Orange,good,
sara-r510m8s,PL,tmobile-pl,T-Mobile,good,
sara-r510m8s,PL,play-pl,Play,unk,
sara-r510m8s,PL,plus-pl,Plus,unk,B7
sara-r510m8s,MX,telcel,Telcel,limited,
sara-r510m8s,MX,att-mx,AT&T,limited,
sara-r510m8s,MX,altan,Altán,unk,
sara-r510m8s,BR,vivo-br,Vivo,good,
sara-r510m8s,BR,claro-br,Claro,unk,
sara-r510m8s,BR,tim-br,TIM,good,
sara-r510m8s,IN,jio,Jio,good,
sara-r510m8s,IN,airtel,Airtel,unk,B40
sara-r510m8s,IN,vi-in,Vi,unk,B40
sara-r510m8s,IN,bsnl,BSNL,unk,B41
sara-r510m8s,SG,singtel,Singtel,good,
sara-r510m8s,SG,starhub,StarHub,good,
sara-r510m8s,SG,m1,M1,limited,
sara-r510m8s,SG,simba,SIMBA,unk,B40
sara-r510m8s,ID,telkomsel,Telkomsel,good,
sara-r510m8s,ID,indosat,Indosat,unk,
sara-r510m8s,ID,xlsmart,XLSMART,good,
sara-r510m8s,TR,turkcell,Turkcell,good,
sara-r510m8s,TR,vodafone-tr,Vodafone,good,
sara-r510m8s,TR,turktelekom,Türk Telekom,unk,
sara-r510m8s,ES,movistar-es,Movistar,good,
sara-r510m8s,ES,vodafone-es,Vodafone,good,
sara-r510m8s,ES,masorange-es,MasOrange,good,
sara-r510m8s,AU,telstra-au,Telstra,good,
sara-r510m8s,AU,optus-au,Optus,good,
sara-r510m8s,AU,vodafone-au,Vodafone,good,
sara-r510m8s,NZ,spark-nz,Spark,good,
sara-r510m8s,NZ,one-nz,One NZ,good,
sara-r510m8s,NZ,2degrees-nz,2degrees,unk,
nrf9160,GB,ee,EE,unk,B7
nrf9160,GB,o2,O2,unk,
nrf9160,GB,vodafone,Vodafone,good,B7
nrf9160,GB,three,Three,unk,
nrf9160,US,att,AT&T,good,
nrf9160,US,verizon,Verizon,good,
nrf9160,US,t-mobile,T-Mobile,good,B71
nrf9160,KR,skt,SK Telecom,unk,
nrf9160,KR,kt,KT,good,
nrf9160,KR,lg-uplus,LG U+,good,
nrf9160,CN,china-mobile,China Mobile,good,B34 B38 B39 B40
nrf9160,CN,china-telecom,China Telecom,good,
nrf9160,CN,china-unicom,China Unicom,good,
nrf9160,CN,china-broadnet,China Broadnet,unk,
nrf9160,JP,ntt-docomo,NTT docomo,good,
nrf9160,JP,kddi,KDDI (au),good,
nrf9160,JP,softbank,SoftBank,good,
nrf9160,JP,rakuten,Rakuten Mobile,unk,
nrf9160,DE,telekom-de,Deutsche Telekom,good,
nrf9160,DE,vodafone-de,Vodafone,good,
nrf9160,DE,o2-de,O2 Telefónica,good,
nrf9160,FR,orange-fr,Orange,good,
nrf9160,FR,sfr,SFR,good,
nrf9160,FR,bouygues,Bouygues Telecom,good,
nrf9160,FR,free-fr,Free Mobile,unk,
nrf9160,AE,etisalat,e& (Etisalat),good,
nrf9160,AE,du,du,good,
nrf9160,SA,stc-sa,stc,limited,
nrf9160,SA,mobily,Mobily,limited,
nrf9160,SA,zain-sa,Zain KSA,unk,
nrf9160,QA,ooredoo-qa,Ooredoo Qatar,good,
nrf9160,QA,vodafone-qa,Vodafone Qatar,unk,
nrf9160,KW,ooredoo-kw,Ooredoo Kuwait,unk,
nrf9160,KW,zain-kw,Zain Kuwait,unk,
nrf9160,KW,stc-kw,stc Kuwait,unk,
nrf9160,IL,partner-il,Partner,unk,
nrf9160,IL,hot-il,HOT Mobile,unk,
nrf9160,IL,cellcom-il,Cellcom,unk,
nrf9160,IL,pelephone-il,Pelephone,good,
nrf9160,CA,rogers-ca,Rogers,good,
nrf9160,CA,bell-ca,Bell,good,
nrf9160,CA,telus-ca,TELUS,good,
nrf9160,IT,tim-it,TIM,good,
nrf9160,IT,vodafone-it,Vodafone,good,
nrf9160,IT,windtre-it,WindTre,unk,
nrf9160,IT,iliad-it,Iliad,unk,
nrf9160,NL,kpn,KPN,good,
nrf9160,NL,vodafone-nl,Vodafone,good,
nrf9160,NL,odido,Odido,good,
nrf9160,PL,orange-pl,Orange,good,
nrf9160,PL,tmobile-pl,T-Mobile,good,
nrf9160,PL,play-pl,Play,unk,
nrf9160,PL,plus-pl,Plus,unk,B7
nrf9160,MX,telcel,Telcel,limited,
nrf9160,MX,att-mx,AT&T,limited,
nrf9160,MX,altan,Altán,unk,
nrf9160,BR,vivo-br,Vivo,good,
nrf9160,BR,claro-br,Claro,unk,
nrf9160,BR,tim-br,TIM,good,
nrf9160,IN,jio,Jio,good,
nrf9160,IN,airtel,Airtel,unk,B40
nrf9160,IN,vi-in,Vi,unk,B40
nrf9160,IN,bsnl,BSNL,unk,B41
nrf9160,SG,singtel,Singtel,good,
nrf9160,SG,starhub,StarHub,good,
nrf9160,SG,m1,M1,limited,
nrf9160,SG,simba,SIMBA,unk,B40
nrf9160,ID,telkomsel,Telkomsel,good,
nrf9160,ID,indosat,Indosat,unk,
nrf9160,ID,xlsmart,XLSMART,good,
nrf9160,TR,turkcell,Turkcell,good,
nrf9160,TR,vodafone-tr,Vodafone,good,
nrf9160,TR,turktelekom,Türk Telekom,unk,
nrf9160,ES,movistar-es,Movistar,good,
nrf9160,ES,vodafone-es,Vodafone,good,
nrf9160,ES,masorange-es,MasOrange,good,
nrf9160,AU,telstra-au,Telstra,good,
nrf9160,AU,optus-au,Optus,good,
nrf9160,AU,vodafone-au,Vodafone,good,
nrf9160,NZ,spark-nz,Spark,good,
nrf9160,NZ,one-nz,One NZ,good,
nrf9160,NZ,2degrees-nz,2degrees,unk,
ec25-e,GB,ee,EE,good,
ec25-e,GB,o2,O2,good,
ec25-e,GB,vodafone,Vodafone,good,
ec25-e,GB,three,Three,good,
ec25-e,US,att,AT&T,limited,B2 B4 B12 B17
ec25-e,US,verizon,Verizon,limited,B13
ec25-e,US,t-mobile,T-Mobile,limited,B2 B12 B66 B71
ec25-e,KR,skt,SK Telecom,good,
ec25-e,KR,kt,KT,good,
ec25-e,KR,lg-uplus,LG U+,good,
ec25-e,CN,china-mobile,China Mobile,limited,B34 B39
ec25-e,CN,china-telecom,China Telecom,good,
ec25-e,CN,china-unicom,China Unicom,good,
ec25-e,CN,china-broadnet,China Broadnet,no,
ec25-e,JP,ntt-docomo,NTT docomo,limited,
ec25-e,JP,kddi,KDDI (au),limited,
ec25-e,JP,softbank,SoftBank,good,
ec25-e,JP,rakuten,Rakuten Mobile,limited,
ec25-e,DE,telekom-de,Deutsche Telekom,good,
ec25-e,DE,vodafone-de,Vodafone,good,
ec25-e,DE,o2-de,O2 Telefónica,good,
ec25-e,FR,orange-fr,Orange,good,
ec25-e,FR,sfr,SFR,good,
ec25-e,FR,bouygues,Bouygues Telecom,good,
ec25-e,FR,free-fr,Free Mobile,limited,
ec25-e,AE,etisalat,e& (Etisalat),good,
ec25-e,AE,du,du,good,
ec25-e,SA,stc-sa,stc,good,
ec25-e,SA,mobily,Mobily,good,
ec25-e,SA,zain-sa,Zain KSA,good,
ec25-e,QA,ooredoo-qa,Ooredoo Qatar,good,
ec25-e,QA,vodafone-qa,Vodafone Qatar,good,
ec25-e,KW,ooredoo-kw,Ooredoo Kuwait,good,
ec25-e,KW,zain-kw,Zain Kuwait,good,
ec25-e,KW,stc-kw,stc Kuwait,good,
ec25-e,IL,partner-il,Partner,limited,
ec25-e,IL,hot-il,HOT Mobile,limited,
ec25-e,IL,cellcom-il,Cellcom,limited,
ec25-e,IL,pelephone-il,Pelephone,limited,
ec25-e,CA,rogers-ca,Rogers,limited,B4 B12
ec25-e,CA,bell-ca,Bell,limited,B2 B4 B12
ec25-e,CA,telus-ca,TELUS,limited,B2 B12 B4
ec25-e,IT,tim-it,TIM,good,
ec25-e,IT,vodafone-it,Vodafone,good,
ec25-e,IT,windtre-it,WindTre,good,
ec25-e,IT,iliad-it,Iliad,limited,B28
ec25-e,NL,kpn,KPN,good,
ec25-e,NL,vodafone-nl,Vodafone,good,
ec25-e,NL,odido,Odido,good,
ec25-e,PL,orange-pl,Orange,good,
ec25-e,PL,tmobile-pl,T-Mobile,good,
ec25-e,PL,play-pl,Play,good,
ec25-e,PL,plus-pl,Plus,good,
ec25-e,MX,telcel,Telcel,limited,B4
ec25-e,MX,att-mx,AT&T,no,B2 B4
ec25-e,MX,altan,Altán,no,B28
ec25-e,BR,vivo-br,Vivo,limited,B28
ec25-e,BR,claro-br,Claro,limited,B28
ec25-e,BR,tim-br,TIM,limited,B28
ec25-e,IN,jio,Jio,good,
ec25-e,IN,airtel,Airtel,good,
ec25-e,IN,vi-in,Vi,good,
ec25-e,IN,bsnl,BSNL,good,
ec25-e,SG,singtel,Singtel,good,
ec25-e,SG,starhub,StarHub,good,
ec25-e,SG,m1,M1,good,
ec25-e,SG,simba,SIMBA,good,
ec25-e,ID,telkomsel,Telkomsel,good,
ec25-e,ID,indosat,Indosat,good,
ec25-e,ID,xlsmart,XLSMART,good,
ec25-e,TR,turkcell,Turkcell,good,
ec25-e,TR,vodafone-tr,Vodafone,good,
ec25-e,TR,turktelekom,Türk Telekom,good,
ec25-e,ES,movistar-es,Movistar,good,
ec25-e,ES,vodafone-es,Vodafone,good,
ec25-e,ES,masorange-es,MasOrange,good,
ec25-e,AU,telstra-au,Telstra,limited,B28
ec25-e,AU,optus-au,Optus,limited,B28
ec25-e,AU,vodafone-au,Vodafone,good,
ec25-e,NZ,spark-nz,Spark,limited,B28
ec25-e,NZ,one-nz,One NZ,limited,B28
ec25-e,NZ,2degrees-nz,2degrees,limited,B28
ec200u-eu,GB,ee,EE,good,
ec200u-eu,GB,o2,O2,good,
ec200u-eu,GB,vodafone,Vodafone,good,
ec200u-eu,GB,three,Three,good,
ec200u-eu,US,att,AT&T,limited,B2 B4 B12 B17
ec200u-eu,US,verizon,Verizon,limited,B13
ec200u-eu,US,t-mobile,T-Mobile,limited,B2 B12 B66 B71
ec200u-eu,KR,skt,SK Telecom,good,
ec200u-eu,KR,kt,KT,good,
ec200u-eu,KR,lg-uplus,LG U+,good,
ec200u-eu,CN,china-mobile,China Mobile,limited,B34 B39
ec200u-eu,CN,china-telecom,China Telecom,good,
ec200u-eu,CN,china-unicom,China Unicom,good,
ec200u-eu,CN,china-broadnet,China Broadnet,good,
ec200u-eu,JP,ntt-docomo,NTT docomo,good,
ec200u-eu,JP,kddi,KDDI (au),limited,
ec200u-eu,JP,softbank,SoftBank,good,
ec200u-eu,JP,rakuten,Rakuten Mobile,limited,
ec200u-eu,DE,telekom-de,Deutsche Telekom,good,
ec200u-eu,DE,vodafone-de,Vodafone,good,
ec200u-eu,DE,o2-de,O2 Telefónica,good,
ec200u-eu,FR,orange-fr,Orange,good,
ec200u-eu,FR,sfr,SFR,good,
ec200u-eu,FR,bouygues,Bouygues Telecom,good,
ec200u-eu,FR,free-fr,Free Mobile,good,
ec200u-eu,AE,etisalat,e& (Etisalat),good,
ec200u-eu,AE,du,du,good,
ec200u-eu,SA,stc-sa,stc,good,
ec200u-eu,SA,mobily,Mobily,good,
ec200u-eu,SA,zain-sa,Zain KSA,good,
ec200u-eu,QA,ooredoo-qa,Ooredoo Qatar,good,
ec200u-eu,QA,vodafone-qa,Vodafone Qatar,good,
ec200u-eu,KW,ooredoo-kw,Ooredoo Kuwait,good,
ec200u-eu,KW,zain-kw,Zain Kuwait,good,
ec200u-eu,KW,stc-kw,stc Kuwait,good,
ec200u-eu,IL,partner-il,Partner,good,
ec200u-eu,IL,hot-il,HOT Mobile,good,
ec200u-eu,IL,cellcom-il,Cellcom,good,
ec200u-eu,IL,pelephone-il,Pelephone,good,
ec200u-eu,CA,rogers-ca,Rogers,limited,B4 B12
ec200u-eu,CA,bell-ca,Bell,limited,B2 B4 B12
ec200u-eu,CA,telus-ca,TELUS,limited,B2 B12 B4
ec200u-eu,IT,tim-it,TIM,good,
ec200u-eu,IT,vodafone-it,Vodafone,good,
ec200u-eu,IT,windtre-it,WindTre,good,
ec200u-eu,IT,iliad-it,Iliad,good,
ec200u-eu,NL,kpn,KPN,good,
ec200u-eu,NL,vodafone-nl,Vodafone,good,
ec200u-eu,NL,odido,Odido,good,
ec200u-eu,PL,orange-pl,Orange,good,
ec200u-eu,PL,tmobile-pl,T-Mobile,good,
ec200u-eu,PL,play-pl,Play,good,
ec200u-eu,PL,plus-pl,Plus,good,
ec200u-eu,MX,telcel,Telcel,limited,B4
ec200u-eu,MX,att-mx,AT&T,no,B2 B4
ec200u-eu,MX,altan,Altán,good,
ec200u-eu,BR,vivo-br,Vivo,good,
ec200u-eu,BR,claro-br,Claro,good,
ec200u-eu,BR,tim-br,TIM,good,
ec200u-eu,IN,jio,Jio,good,
ec200u-eu,IN,airtel,Airtel,good,
ec200u-eu,IN,vi-in,Vi,good,
ec200u-eu,IN,bsnl,BSNL,good,
ec200u-eu,SG,singtel,Singtel,good,
ec200u-eu,SG,starhub,StarHub,good,
ec200u-eu,SG,m1,M1,good,
ec200u-eu,SG,simba,SIMBA,good,
ec200u-eu,ID,telkomsel,Telkomsel,good,
ec200u-eu,ID,indosat,Indosat,good,
ec200u-eu,ID,xlsmart,XLSMART,good,
ec200u-eu,TR,turkcell,Turkcell,good,
ec200u-eu,TR,vodafone-tr,Vodafone,good,
ec200u-eu,TR,turktelekom,Türk Telekom,good,
ec200u-eu,ES,movistar-es,Movistar,good,
ec200u-eu,ES,vodafone-es,Vodafone,good,
ec200u-eu,ES,masorange-es,MasOrange,good,
ec200u-eu,AU,telstra-au,Telstra,good,
ec200u-eu,AU,optus-au,Optus,good,
ec200u-eu,AU,vodafone-au,Vodafone,good,
ec200u-eu,NZ,spark-nz,Spark,good,
ec200u-eu,NZ,one-nz,One NZ,good,
ec200u-eu,NZ,2degrees-nz,2degrees,good,
a7670e,GB,ee,EE,good,
a7670e,GB,o2,O2,good,
a7670e,GB,vodafone,Vodafone,good,
a7670e,GB,three,Three,good,
a7670e,US,att,AT&T,limited,B2 B4 B12 B17
a7670e,US,verizon,Verizon,limited,B13
a7670e,US,t-mobile,T-Mobile,no,B2 B12 B66 B71
a7670e,KR,skt,SK Telecom,good,
a7670e,KR,kt,KT,good,
a7670e,KR,lg-uplus,LG U+,good,
a7670e,CN,china-mobile,China Mobile,limited,B34 B38 B39 B40
a7670e,CN,china-telecom,China Telecom,good,
a7670e,CN,china-unicom,China Unicom,good,
a7670e,CN,china-broadnet,China Broadnet,no,
a7670e,JP,ntt-docomo,NTT docomo,limited,
a7670e,JP,kddi,KDDI (au),limited,
a7670e,JP,softbank,SoftBank,good,
a7670e,JP,rakuten,Rakuten Mobile,limited,
a7670e,DE,telekom-de,Deutsche Telekom,good,
a7670e,DE,vodafone-de,Vodafone,good,
a7670e,DE,o2-de,O2 Telefónica,good,
a7670e,FR,orange-fr,Orange,good,
a7670e,FR,sfr,SFR,good,
a7670e,FR,bouygues,Bouygues Telecom,good,
a7670e,FR,free-fr,Free Mobile,limited,
a7670e,AE,etisalat,e& (Etisalat),good,
a7670e,AE,du,du,good,
a7670e,SA,stc-sa,stc,good,
a7670e,SA,mobily,Mobily,limited,
a7670e,SA,zain-sa,Zain KSA,good,
a7670e,QA,ooredoo-qa,Ooredoo Qatar,good,
a7670e,QA,vodafone-qa,Vodafone Qatar,good,
a7670e,KW,ooredoo-kw,Ooredoo Kuwait,good,
a7670e,KW,zain-kw,Zain Kuwait,good,
a7670e,KW,stc-kw,stc Kuwait,good,
a7670e,IL,partner-il,Partner,limited,
a7670e,IL,hot-il,HOT Mobile,limited,
a7670e,IL,cellcom-il,Cellcom,limited,
a7670e,IL,pelephone-il,Pelephone,limited,
a7670e,CA,rogers-ca,Rogers,limited,B4 B12
a7670e,CA,bell-ca,Bell,limited,B2 B4 B12
a7670e,CA,telus-ca,TELUS,limited,B2 B12 B4
a7670e,IT,tim-it,TIM,good,
a7670e,IT,vodafone-it,Vodafone,good,
a7670e,IT,windtre-it,WindTre,good,
a7670e,IT,iliad-it,Iliad,limited,B28
a7670e,NL,kpn,KPN,good,
a7670e,NL,vodafone-nl,Vodafone,good,
a7670e,NL,odido,Odido,good,
a7670e,PL,orange-pl,Orange,good,
a7670e,PL,tmobile-pl,T-Mobile,good,
a7670e,PL,play-pl,Play,good,
a7670e,PL,plus-pl,Plus,good,
a7670e,MX,telcel,Telcel,limited,B4
a7670e,MX,att-mx,AT&T,no,B2 B4
a7670e,MX,altan,Altán,no,B28
a7670e,BR,vivo-br,Vivo,limited,B28
a7670e,BR,claro-br,Claro,limited,B28
a7670e,BR,tim-br,TIM,limited,B28
a7670e,IN,jio,Jio,good,
a7670e,IN,airtel,Airtel,limited,B40
a7670e,IN,vi-in,Vi,limited,B40
a7670e,IN,bsnl,BSNL,no,B41
a7670e,SG,singtel,Singtel,good,
a7670e,SG,starhub,StarHub,good,
a7670e,SG,m1,M1,good,
a7670e,SG,simba,SIMBA,limited,B40
a7670e,ID,telkomsel,Telkomsel,good,
a7670e,ID,indosat,Indosat,good,
a7670e,ID,xlsmart,XLSMART,good,
a7670e,TR,turkcell,Turkcell,good,
a7670e,TR,vodafone-tr,Vodafone,good,
a7670e,TR,turktelekom,Türk Telekom,good,
a7670e,ES,movistar-es,Movistar,good,
a7670e,ES,vodafone-es,Vodafone,good,
a7670e,ES,masorange-es,MasOrange,good,
a7670e,AU,telstra-au,Telstra,limited,B28
a7670e,AU,optus-au,Optus,limited,B28
a7670e,AU,vodafone-au,Vodafone,good,
a7670e,NZ,spark-nz,Spark,limited,B28
a7670e,NZ,one-nz,One NZ,limited,B28
a7670e,NZ,2degrees-nz,2degrees,limited,B28
sim7080g,GB,ee,EE,unk,B7
sim7080g,GB,o2,O2,unk,
sim7080g,GB,vodafone,Vodafone,good,B7
sim7080g,GB,three,Three,unk,
sim7080g,US,att,AT&T,good,
sim7080g,US,verizon,Verizon,good,
sim7080g,US,t-mobile,T-Mobile,good,
sim7080g,KR,skt,SK Telecom,unk,
sim7080g,KR,kt,KT,good,
sim7080g,KR,lg-uplus,LG U+,good,
sim7080g,CN,china-mobile,China Mobile,good,B34 B38 B39 B40
sim7080g,CN,china-telecom,China Telecom,good,
sim7080g,CN,china-unicom,China Unicom,good,
sim7080g,CN,china-broadnet,China Broadnet,unk,
sim7080g,JP,ntt-docomo,NTT docomo,good,
sim7080g,JP,kddi,KDDI (au),good,
sim7080g,JP,softbank,SoftBank,good,
sim7080g,JP,rakuten,Rakuten Mobile,unk,
sim7080g,DE,telekom-de,Deutsche Telekom,good,
sim7080g,DE,vodafone-de,Vodafone,good,
sim7080g,DE,o2-de,O2 Telefónica,good,
sim7080g,FR,orange-fr,Orange,good,
sim7080g,FR,sfr,SFR,good,
sim7080g,FR,bouygues,Bouygues Telecom,good,
sim7080g,FR,free-fr,Free Mobile,unk,
sim7080g,AE,etisalat,e& (Etisalat),good,
sim7080g,AE,du,du,good,
sim7080g,SA,stc-sa,stc,limited,
sim7080g,SA,mobily,Mobily,limited,
sim7080g,SA,zain-sa,Zain KSA,unk,
sim7080g,QA,ooredoo-qa,Ooredoo Qatar,good,
sim7080g,QA,vodafone-qa,Vodafone Qatar,unk,
sim7080g,KW,ooredoo-kw,Ooredoo Kuwait,unk,
sim7080g,KW,zain-kw,Zain Kuwait,unk,
sim7080g,KW,stc-kw,stc Kuwait,unk,
sim7080g,IL,partner-il,Partner,unk,
sim7080g,IL,hot-il,HOT Mobile,unk,
sim7080g,IL,cellcom-il,Cellcom,unk,
sim7080g,IL,pelephone-il,Pelephone,good,
sim7080g,CA,rogers-ca,Rogers,good,
sim7080g,CA,bell-ca,Bell,good,
sim7080g,CA,telus-ca,TELUS,good,
sim7080g,IT,tim-it,TIM,good,
sim7080g,IT,vodafone-it,Vodafone,good,
sim7080g,IT,windtre-it,WindTre,unk,
sim7080g,IT,iliad-it,Iliad,unk,
sim7080g,NL,kpn,KPN,good,
sim7080g,NL,vodafone-nl,Vodafone,good,
sim7080g,NL,odido,Odido,good,
sim7080g,PL,orange-pl,Orange,good,
sim7080g,PL,tmobile-pl,T-Mobile,good,
sim7080g,PL,play-pl,Play,unk,
sim7080g,PL,plus-pl,Plus,unk,B7
sim7080g,MX,telcel,Telcel,limited,
sim7080g,MX,att-mx,AT&T,limited,
sim7080g,MX,altan,Altán,unk,
sim7080g,BR,vivo-br,Vivo,good,
sim7080g,BR,claro-br,Claro,unk,
sim7080g,BR,tim-br,TIM,good,
sim7080g,IN,jio,Jio,good,
sim7080g,IN,airtel,Airtel,unk,B40
sim7080g,IN,vi-in,Vi,unk,B40
sim7080g,IN,bsnl,BSNL,unk,B41
sim7080g,SG,singtel,Singtel,good,
sim7080g,SG,starhub,StarHub,good,
sim7080g,SG,m1,M1,limited,
sim7080g,SG,simba,SIMBA,unk,B40
sim7080g,ID,telkomsel,Telkomsel,good,
sim7080g,ID,indosat,Indosat,unk,
sim7080g,ID,xlsmart,XLSMART,good,
sim7080g,TR,turkcell,Turkcell,good,
sim7080g,TR,vodafone-tr,Vodafone,good,
sim7080g,TR,turktelekom,Türk Telekom,unk,
sim7080g,ES,movistar-es,Movistar,good,
sim7080g,ES,vodafone-es,Vodafone,good,
sim7080g,ES,masorange-es,MasOrange,good,
sim7080g,AU,telstra-au,Telstra,good,
sim7080g,AU,optus-au,Optus,good,
sim7080g,AU,vodafone-au,Vodafone,good,
sim7080g,NZ,spark-nz,Spark,good,
sim7080g,NZ,one-nz,One NZ,good,
sim7080g,NZ,2degrees-nz,2degrees,unk,
bg96,GB,ee,EE,unk,B7
bg96,GB,o2,O2,unk,
bg96,GB,vodafone,Vodafone,good,B7
bg96,GB,three,Three,unk,
bg96,US,att,AT&T,good,
bg96,US,verizon,Verizon,good,
bg96,US,t-mobile,T-Mobile,good,B66 B71
bg96,KR,skt,SK Telecom,unk,
bg96,KR,kt,KT,good,
bg96,KR,lg-uplus,LG U+,good,
bg96,CN,china-mobile,China Mobile,good,B34 B38 B40
bg96,CN,china-telecom,China Telecom,good,
bg96,CN,china-unicom,China Unicom,good,
bg96,CN,china-broadnet,China Broadnet,unk,
bg96,JP,ntt-docomo,NTT docomo,good,
bg96,JP,kddi,KDDI (au),good,
bg96,JP,softbank,SoftBank,good,
bg96,JP,rakuten,Rakuten Mobile,unk,
bg96,DE,telekom-de,Deutsche Telekom,good,
bg96,DE,vodafone-de,Vodafone,good,
bg96,DE,o2-de,O2 Telefónica,good,
bg96,FR,orange-fr,Orange,good,
bg96,FR,sfr,SFR,good,
bg96,FR,bouygues,Bouygues Telecom,good,
bg96,FR,free-fr,Free Mobile,unk,
bg96,AE,etisalat,e& (Etisalat),good,
bg96,AE,du,du,good,
bg96,SA,stc-sa,stc,limited,
bg96,SA,mobily,Mobily,limited,
bg96,SA,zain-sa,Zain KSA,unk,
bg96,QA,ooredoo-qa,Ooredoo Qatar,good,
bg96,QA,vodafone-qa,Vodafone Qatar,unk,
bg96,KW,ooredoo-kw,Ooredoo Kuwait,unk,
bg96,KW,zain-kw,Zain Kuwait,unk,
bg96,KW,stc-kw,stc Kuwait,unk,
bg96,IL,partner-il,Partner,unk,
bg96,IL,hot-il,HOT Mobile,unk,
bg96,IL,cellcom-il,Cellcom,unk,
bg96,IL,pelephone-il,Pelephone,good,
bg96,CA,rogers-ca,Rogers,good,
bg96,CA,bell-ca,Bell,good,
bg96,CA,telus-ca,TELUS,good,
bg96,IT,tim-it,TIM,good,
bg96,IT,vodafone-it,Vodafone,good,
bg96,IT,windtre-it,WindTre,unk,
bg96,IT,iliad-it,Iliad,unk,
bg96,NL,kpn,KPN,good,
bg96,NL,vodafone-nl,Vodafone,good,
bg96,NL,odido,Odido,good,
bg96,PL,orange-pl,Orange,good,
bg96,PL,tmobile-pl,T-Mobile,good,
bg96,PL,play-pl,Play,unk,
bg96,PL,plus-pl,Plus,unk,B7
bg96,MX,telcel,Telcel,limited,
bg96,MX,att-mx,AT&T,limited,
bg96,MX,altan,Altán,unk,
bg96,BR,vivo-br,Vivo,good,
bg96,BR,claro-br,Claro,unk,
bg96,BR,tim-br,TIM,good,
bg96,IN,jio,Jio,good,
bg96,IN,airtel,Airtel,unk,B40
bg96,IN,vi-in,Vi,unk,B40
bg96,IN,bsnl,BSNL,unk,B41
bg96,SG,singtel,Singtel,good,
bg96,SG,starhub,StarHub,good,
bg96,SG,m1,M1,limited,
bg96,SG,simba,SIMBA,unk,B40
bg96,ID,telkomsel,Telkomsel,good,
bg96,ID,indosat,Indosat,unk,
bg96,ID,xlsmart,XLSMART,good,
bg96,TR,turkcell,Turkcell,good,
bg96,TR,vodafone-tr,Vodafone,good,
bg96,TR,turktelekom,Türk Telekom,unk,
bg96,ES,movistar-es,Movistar,good,
bg96,ES,vodafone-es,Vodafone,good,
bg96,ES,masorange-es,MasOrange,good,
bg96,AU,telstra-au,Telstra,good,
bg96,AU,optus-au,Optus,good,
bg96,AU,vodafone-au,Vodafone,good,
bg96,NZ,spark-nz,Spark,good,
bg96,NZ,one-nz,One NZ,good,
bg96,NZ,2degrees-nz,2degrees,unk,
eg21-g,GB,ee,EE,good,
eg21-g,GB,o2,O2,good,
eg21-g,GB,vodafone,Vodafone,good,
eg21-g,GB,three,Three,good,
eg21-g,US,att,AT&T,good,
eg21-g,US,verizon,Verizon,good,
eg21-g,US,t-mobile,T-Mobile,limited,B66 B71
eg21-g,KR,skt,SK Telecom,good,
eg21-g,KR,kt,KT,good,
eg21-g,KR,lg-uplus,LG U+,good,
eg21-g,CN,china-mobile,China Mobile,limited,B34
eg21-g,CN,china-telecom,China Telecom,good,
eg21-g,CN,china-unicom,China Unicom,good,
eg21-g,CN,china-broadnet,China Broadnet,good,
eg21-g,JP,ntt-docomo,NTT docomo,good,
eg21-g,JP,kddi,KDDI (au),good,
eg21-g,JP,softbank,SoftBank,good,
eg21-g,JP,rakuten,Rakuten Mobile,good,
eg21-g,DE,telekom-de,Deutsche Telekom,good,
eg21-g,DE,vodafone-de,Vodafone,good,
eg21-g,DE,o2-de,O2 Telefónica,good,
eg21-g,FR,orange-fr,Orange,good,
eg21-g,FR,sfr,SFR,good,
eg21-g,FR,bouygues,Bouygues Telecom,good,
eg21-g,FR,free-fr,Free Mobile,good,
eg21-g,AE,etisalat,e& (Etisalat),good,
eg21-g,AE,du,du,good,
eg21-g,SA,stc-sa,stc,good,
eg21-g,SA,mobily,Mobily,good,
eg21-g,SA,zain-sa,Zain KSA,good,
eg21-g,QA,ooredoo-qa,Ooredoo Qatar,good,
eg21-g,QA,vodafone-qa,Vodafone Qatar,good,
eg21-g,KW,ooredoo-kw,Ooredoo Kuwait,good,
eg21-g,KW,zain-kw,Zain Kuwait,good,
eg21-g,KW,stc-kw,stc Kuwait,good,
eg21-g,IL,partner-il,Partner,good,
eg21-g,IL,hot-il,HOT Mobile,good,
eg21-g,IL,cellcom-il,Cellcom,good,
eg21-g,IL,pelephone-il,Pelephone,good,
eg21-g,CA,rogers-ca,Rogers,good,
eg21-g,CA,bell-ca,Bell,good,
eg21-g,CA,telus-ca,TELUS,good,
eg21-g,IT,tim-it,TIM,good,
eg21-g,IT,vodafone-it,Vodafone,good,
eg21-g,IT,windtre-it,WindTre,good,
eg21-g,IT,iliad-it,Iliad,good,
eg21-g,NL,kpn,KPN,good,
eg21-g,NL,vodafone-nl,Vodafone,good,
eg21-g,NL,odido,Odido,good,
eg21-g,PL,orange-pl,Orange,good,
eg21-g,PL,tmobile-pl,T-Mobile,good,
eg21-g,PL,play-pl,Play,good,
eg21-g,PL,plus-pl,Plus,good,
eg21-g,MX,telcel,Telcel,good,
eg21-g,MX,att-mx,AT&T,good,
eg21-g,MX,altan,Altán,good,
eg21-g,BR,vivo-br,Vivo,good,
eg21-g,BR,claro-br,Claro,good,
eg21-g,BR,tim-br,TIM,good,
eg21-g,IN,jio,Jio,good,
eg21-g,IN,airtel,Airtel,good,
eg21-g,IN,vi-in,Vi,good,
eg21-g,IN,bsnl,BSNL,good,
eg21-g,SG,singtel,Singtel,good,
eg21-g,SG,starhub,StarHub,good,
eg21-g,SG,m1,M1,good,
eg21-g,SG,simba,SIMBA,good,
eg21-g,ID,telkomsel,Telkomsel,good,
eg21-g,ID,indosat,Indosat,good,
eg21-g,ID,xlsmart,XLSMART,good,
eg21-g,TR,turkcell,Turkcell,good,
eg21-g,TR,vodafone-tr,Vodafone,good,
eg21-g,TR,turktelekom,Türk Telekom,good,
eg21-g,ES,movistar-es,Movistar,good,
eg21-g,ES,vodafone-es,Vodafone,good,
eg21-g,ES,masorange-es,MasOrange,good,
eg21-g,AU,telstra-au,Telstra,good,
eg21-g,AU,optus-au,Optus,good,
eg21-g,AU,vodafone-au,Vodafone,good,
eg21-g,NZ,spark-nz,Spark,good,
eg21-g,NZ,one-nz,One NZ,good,
eg21-g,NZ,2degrees-nz,2degrees,good,
lara-r6001d,GB,ee,EE,good,
lara-r6001d,GB,o2,O2,good,
lara-r6001d,GB,vodafone,Vodafone,good,
lara-r6001d,GB,three,Three,good,
lara-r6001d,US,att,AT&T,good,
lara-r6001d,US,verizon,Verizon,good,
lara-r6001d,US,t-mobile,T-Mobile,limited,B66 B71
lara-r6001d,KR,skt,SK Telecom,good,
lara-r6001d,KR,kt,KT,good,
lara-r6001d,KR,lg-uplus,LG U+,good,
lara-r6001d,CN,china-mobile,China Mobile,limited,B34
lara-r6001d,CN,china-telecom,China Telecom,good,
lara-r6001d,CN,china-unicom,China Unicom,good,
lara-r6001d,CN,china-broadnet,China Broadnet,good,
lara-r6001d,JP,ntt-docomo,NTT docomo,good,
lara-r6001d,JP,kddi,KDDI (au),good,
lara-r6001d,JP,softbank,SoftBank,good,
lara-r6001d,JP,rakuten,Rakuten Mobile,good,
lara-r6001d,DE,telekom-de,Deutsche Telekom,good,
lara-r6001d,DE,vodafone-de,Vodafone,good,
lara-r6001d,DE,o2-de,O2 Telefónica,good,
lara-r6001d,FR,orange-fr,Orange,good,
lara-r6001d,FR,sfr,SFR,good,
lara-r6001d,FR,bouygues,Bouygues Telecom,good,
lara-r6001d,FR,free-fr,Free Mobile,good,
lara-r6001d,AE,etisalat,e& (Etisalat),good,
lara-r6001d,AE,du,du,good,
lara-r6001d,SA,stc-sa,stc,good,
lara-r6001d,SA,mobily,Mobily,good,
lara-r6001d,SA,zain-sa,Zain KSA,good,
lara-r6001d,QA,ooredoo-qa,Ooredoo Qatar,good,
lara-r6001d,QA,vodafone-qa,Vodafone Qatar,good,
lara-r6001d,KW,ooredoo-kw,Ooredoo Kuwait,good,
lara-r6001d,KW,zain-kw,Zain Kuwait,good,
lara-r6001d,KW,stc-kw,stc Kuwait,good,
lara-r6001d,IL,partner-il,Partner,good,
lara-r6001d,IL,hot-il,HOT Mobile,good,
lara-r6001d,IL,cellcom-il,Cellcom,good,
lara-r6001d,IL,pelephone-il,Pelephone,good,
lara-r6001d,CA,rogers-ca,Rogers,good,
lara-r6001d,CA,bell-ca,Bell,good,
lara-r6001d,CA,telus-ca,TELUS,good,
lara-r6001d,IT,tim-it,TIM,good,
lara-r6001d,IT,vodafone-it,Vodafone,good,
lara-r6001d,IT,windtre-it,WindTre,good,
lara-r6001d,IT,iliad-it,Iliad,good,
lara-r6001d,NL,kpn,KPN,good,
lara-r6001d,NL,vodafone-nl,Vodafone,good,
lara-r6001d,NL,odido,Odido,good,
lara-r6001d,PL,orange-pl,Orange,good,
lara-r6001d,PL,tmobile-pl,T-Mobile,good,
lara-r6001d,PL,play-pl,Play,good,
lara-r6001d,PL,plus-pl,Plus,good,
lara-r6001d,MX,telcel,Telcel,good,
lara-r6001d,MX,att-mx,AT&T,good,
lara-r6001d,MX,altan,Altán,good,
lara-r6001d,BR,vivo-br,Vivo,good,
lara-r6001d,BR,claro-br,Claro,good,
lara-r6001d,BR,tim-br,TIM,good,
lara-r6001d,IN,jio,Jio,good,
lara-r6001d,IN,airtel,Airtel,good,
lara-r6001d,IN,vi-in,Vi,good,
lara-r6001d,IN,bsnl,BSNL,good,
lara-r6001d,SG,singtel,Singtel,good,
lara-r6001d,SG,starhub,StarHub,good,
lara-r6001d,SG,m1,M1,good,
lara-r6001d,SG,simba,SIMBA,good,
lara-r6001d,ID,telkomsel,Telkomsel,good,
lara-r6001d,ID,indosat,Indosat,good,
lara-r6001d,ID,xlsmart,XLSMART,good,
lara-r6001d,TR,turkcell,Turkcell,good,
lara-r6001d,TR,vodafone-tr,Vodafone,good,
lara-r6001d,TR,turktelekom,Türk Telekom,good,
lara-r6001d,ES,movistar-es,Movistar,good,
lara-r6001d,ES,vodafone-es,Vodafone,good,
lara-r6001d,ES,masorange-es,MasOrange,good,
lara-r6001d,AU,telstra-au,Telstra,good,
lara-r6001d,AU,optus-au,Optus,good,
lara-r6001d,AU,vodafone-au,Vodafone,good,
lara-r6001d,NZ,spark-nz,Spark,good,
lara-r6001d,NZ,one-nz,One NZ,good,
lara-r6001d,NZ,2degrees-nz,2degrees,good,
me910c1-ww,GB,ee,EE,unk,B7
me910c1-ww,GB,o2,O2,unk,
me910c1-ww,GB,vodafone,Vodafone,good,B7
me910c1-ww,GB,three,Three,unk,
me910c1-ww,US,att,AT&T,good,
me910c1-ww,US,verizon,Verizon,good,
me910c1-ww,US,t-mobile,T-Mobile,good,B66 B71
me910c1-ww,KR,skt,SK Telecom,unk,
me910c1-ww,KR,kt,KT,good,
me910c1-ww,KR,lg-uplus,LG U+,good,
me910c1-ww,CN,china-mobile,China Mobile,good,B34 B38 B39 B40
me910c1-ww,CN,china-telecom,China Telecom,good,
me910c1-ww,CN,china-unicom,China Unicom,good,
me910c1-ww,CN,china-broadnet,China Broadnet,unk,
me910c1-ww,JP,ntt-docomo,NTT docomo,good,
me910c1-ww,JP,kddi,KDDI (au),good,
me910c1-ww,JP,softbank,SoftBank,good,
me910c1-ww,JP,rakuten,Rakuten Mobile,unk,
me910c1-ww,DE,telekom-de,Deutsche Telekom,good,
me910c1-ww,DE,vodafone-de,Vodafone,good,
me910c1-ww,DE,o2-de,O2 Telefónica,good,
me910c1-ww,FR,orange-fr,Orange,good,
me910c1-ww,FR,sfr,SFR,good,
me910c1-ww,FR,bouygues,Bouygues Telecom,good,
me910c1-ww,FR,free-fr,Free Mobile,unk,
me910c1-ww,AE,etisalat,e& (Etisalat),good,
me910c1-ww,AE,du,du,good,
me910c1-ww,SA,stc-sa,stc,limited,
me910c1-ww,SA,mobily,Mobily,limited,
me910c1-ww,SA,zain-sa,Zain KSA,unk,
me910c1-ww,QA,ooredoo-qa,Ooredoo Qatar,good,
me910c1-ww,QA,vodafone-qa,Vodafone Qatar,unk,
me910c1-ww,KW,ooredoo-kw,Ooredoo Kuwait,unk,
me910c1-ww,KW,zain-kw,Zain Kuwait,unk,
me910c1-ww,KW,stc-kw,stc Kuwait,unk,
me910c1-ww,IL,partner-il,Partner,unk,
me910c1-ww,IL,hot-il,HOT Mobile,unk,
me910c1-ww,IL,cellcom-il,Cellcom,unk,
me910c1-ww,IL,pelephone-il,Pelephone,good,
me910c1-ww,CA,rogers-ca,Rogers,good,
me910c1-ww,CA,bell-ca,Bell,good,
me910c1-ww,CA,telus-ca,TELUS,good,
me910c1-ww,IT,tim-it,TIM,good,
me910c1-ww,IT,vodafone-it,Vodafone,good,
me910c1-ww,IT,windtre-it,WindTre,unk,
me910c1-ww,IT,iliad-it,Iliad,unk,
me910c1-ww,NL,kpn,KPN,good,
me910c1-ww,NL,vodafone-nl,Vodafone,good,
me910c1-ww,NL,odido,Odido,good,
me910c1-ww,PL,orange-pl,Orange,good,
me910c1-ww,PL,tmobile-pl,T-Mobile,good,
me910c1-ww,PL,play-pl,Play,unk,
me910c1-ww,PL,plus-pl,Plus,unk,B7
me910c1-ww,MX,telcel,Telcel,limited,
me910c1-ww,MX,att-mx,AT&T,limited,
me910c1-ww,MX,altan,Altán,unk,
me910c1-ww,BR,vivo-br,Vivo,good,
me910c1-ww,BR,claro-br,Claro,unk,
me910c1-ww,BR,tim-br,TIM,good,
me910c1-ww,IN,jio,Jio,good,
me910c1-ww,IN,airtel,Airtel,unk,B40
me910c1-ww,IN,vi-in,Vi,unk,B40
me910c1-ww,IN,bsnl,BSNL,unk,B41
me910c1-ww,SG,singtel,Singtel,good,
me910c1-ww,SG,starhub,StarHub,good,
me910c1-ww,SG,m1,M1,limited,
me910c1-ww,SG,simba,SIMBA,unk,B40
me910c1-ww,ID,telkomsel,Telkomsel,good,
me910c1-ww,ID,indosat,Indosat,unk,
me910c1-ww,ID,xlsmart,XLSMART,good,
me910c1-ww,TR,turkcell,Turkcell,good,
me910c1-ww,TR,vodafone-tr,Vodafone,good,
me910c1-ww,TR,turktelekom,Türk Telekom,unk,
me910c1-ww,ES,movistar-es,Movistar,good,
me910c1-ww,ES,vodafone-es,Vodafone,good,
me910c1-ww,ES,masorange-es,MasOrange,good,
me910c1-ww,AU,telstra-au,Telstra,good,
me910c1-ww,AU,optus-au,Optus,good,
me910c1-ww,AU,vodafone-au,Vodafone,good,
me910c1-ww,NZ,spark-nz,Spark,good,
me910c1-ww,NZ,one-nz,One NZ,good,
me910c1-ww,NZ,2degrees-nz,2degrees,unk,
rg255c-gl,GB,ee,EE,good,
rg255c-gl,GB,o2,O2,good,
rg255c-gl,GB,vodafone,Vodafone,good,
rg255c-gl,GB,three,Three,good,
rg255c-gl,US,att,AT&T,good,
rg255c-gl,US,verizon,Verizon,good,
rg255c-gl,US,t-mobile,T-Mobile,good,
rg255c-gl,KR,skt,SK Telecom,good,
rg255c-gl,KR,kt,KT,good,
rg255c-gl,KR,lg-uplus,LG U+,good,
rg255c-gl,CN,china-mobile,China Mobile,good,
rg255c-gl,CN,china-telecom,China Telecom,good,
rg255c-gl,CN,china-unicom,China Unicom,good,
rg255c-gl,CN,china-broadnet,China Broadnet,good,
rg255c-gl,JP,ntt-docomo,NTT docomo,good,
rg255c-gl,JP,kddi,KDDI (au),good,
rg255c-gl,JP,softbank,SoftBank,good,
rg255c-gl,JP,rakuten,Rakuten Mobile,good,
rg255c-gl,DE,telekom-de,Deutsche Telekom,good,
rg255c-gl,DE,vodafone-de,Vodafone,good,
rg255c-gl,DE,o2-de,O2 Telefónica,good,
rg255c-gl,FR,orange-fr,Orange,good,
rg255c-gl,FR,sfr,SFR,good,
rg255c-gl,FR,bouygues,Bouygues Telecom,good,
rg255c-gl,FR,free-fr,Free Mobile,good,
rg255c-gl,AE,etisalat,e& (Etisalat),good,
rg255c-gl,AE,du,du,good,
rg255c-gl,SA,stc-sa,stc,good,
rg255c-gl,SA,mobily,Mobily,good,
rg255c-gl,SA,zain-sa,Zain KSA,good,
rg255c-gl,QA,ooredoo-qa,Ooredoo Qatar,good,
rg255c-gl,QA,vodafone-qa,Vodafone Qatar,good,
rg255c-gl,KW,ooredoo-kw,Ooredoo Kuwait,good,
rg255c-gl,KW,zain-kw,Zain Kuwait,good,
rg255c-gl,KW,stc-kw,stc Kuwait,good,
rg255c-gl,IL,partner-il,Partner,good,
rg255c-gl,IL,hot-il,HOT Mobile,good,
rg255c-gl,IL,cellcom-il,Cellcom,good,
rg255c-gl,IL,pelephone-il,Pelephone,good,
rg255c-gl,CA,rogers-ca,Rogers,good,
rg255c-gl,CA,bell-ca,Bell,good,
rg255c-gl,CA,telus-ca,TELUS,good,
rg255c-gl,IT,tim-it,TIM,good,
rg255c-gl,IT,vodafone-it,Vodafone,good,
rg255c-gl,IT,windtre-it,WindTre,good,
rg255c-gl,IT,iliad-it,Iliad,good,
rg255c-gl,NL,kpn,KPN,good,
rg255c-gl,NL,vodafone-nl,Vodafone,good,
rg255c-gl,NL,odido,Odido,good,
rg255c-gl,PL,orange-pl,Orange,good,
rg255c-gl,PL,tmobile-pl,T-Mobile,good,
rg255c-gl,PL,play-pl,Play,good,
rg255c-gl,PL,plus-pl,Plus,good,
rg255c-gl,MX,telcel,Telcel,good,
rg255c-gl,MX,att-mx,AT&T,good,
rg255c-gl,MX,altan,Altán,good,
rg255c-gl,BR,vivo-br,Vivo,good,
rg255c-gl,BR,claro-br,Claro,good,
rg255c-gl,BR,tim-br,TIM,good,
rg255c-gl,IN,jio,Jio,good,
rg255c-gl,IN,airtel,Airtel,good,
rg255c-gl,IN,vi-in,Vi,good,
rg255c-gl,IN,bsnl,BSNL,good,
rg255c-gl,SG,singtel,Singtel,good,
rg255c-gl,SG,starhub,StarHub,good,
rg255c-gl,SG,m1,M1,good,
rg255c-gl,SG,simba,SIMBA,good,
rg255c-gl,ID,telkomsel,Telkomsel,good,
rg255c-gl,ID,indosat,Indosat,good,
rg255c-gl,ID,xlsmart,XLSMART,good,
rg255c-gl,TR,turkcell,Turkcell,good,
rg255c-gl,TR,vodafone-tr,Vodafone,good,
rg255c-gl,TR,turktelekom,Türk Telekom,good,
rg255c-gl,ES,movistar-es,Movistar,good,
rg255c-gl,ES,vodafone-es,Vodafone,good,
rg255c-gl,ES,masorange-es,MasOrange,good,
rg255c-gl,AU,telstra-au,Telstra,good,
rg255c-gl,AU,optus-au,Optus,good,
rg255c-gl,AU,vodafone-au,Vodafone,good,
rg255c-gl,NZ,spark-nz,Spark,good,
rg255c-gl,NZ,one-nz,One NZ,good,
rg255c-gl,NZ,2degrees-nz,2degrees,good,
trb140-0,GB,ee,EE,good,
trb140-0,GB,o2,O2,good,
trb140-0,GB,vodafone,Vodafone,good,
trb140-0,GB,three,Three,good,
trb140-0,US,att,AT&T,no,B2 B4 B5 B12 B17
trb140-0,US,verizon,Verizon,no,B13
trb140-0,US,t-mobile,T-Mobile,limited,B2 B12 B66 B71
trb140-0,KR,skt,SK Telecom,limited,
trb140-0,KR,kt,KT,good,
trb140-0,KR,lg-uplus,LG U+,limited,
trb140-0,CN,china-mobile,China Mobile,limited,B34 B39
trb140-0,CN,china-telecom,China Telecom,limited,
trb140-0,CN,china-unicom,China Unicom,good,
trb140-0,CN,china-broadnet,China Broadnet,good,
trb140-0,JP,ntt-docomo,NTT docomo,limited,
trb140-0,JP,kddi,KDDI (au),limited,
trb140-0,JP,softbank,SoftBank,good,
trb140-0,JP,rakuten,Rakuten Mobile,limited,
trb140-0,DE,telekom-de,Deutsche Telekom,good,
trb140-0,DE,vodafone-de,Vodafone,good,
trb140-0,DE,o2-de,O2 Telefónica,good,
trb140-0,FR,orange-fr,Orange,good,
trb140-0,FR,sfr,SFR,good,
trb140-0,FR,bouygues,Bouygues Telecom,good,
trb140-0,FR,free-fr,Free Mobile,good,
trb140-0,AE,etisalat,e& (Etisalat),good,
trb140-0,AE,du,du,good,
trb140-0,SA,stc-sa,stc,good,
trb140-0,SA,mobily,Mobily,good,
trb140-0,SA,zain-sa,Zain KSA,good,
trb140-0,QA,ooredoo-qa,Ooredoo Qatar,good,
trb140-0,QA,vodafone-qa,Vodafone Qatar,good,
trb140-0,KW,ooredoo-kw,Ooredoo Kuwait,good,
trb140-0,KW,zain-kw,Zain Kuwait,good,
trb140-0,KW,stc-kw,stc Kuwait,good,
trb140-0,IL,partner-il,Partner,good,
trb140-0,IL,hot-il,HOT Mobile,good,
trb140-0,IL,cellcom-il,Cellcom,good,
trb140-0,IL,pelephone-il,Pelephone,good,
trb140-0,CA,rogers-ca,Rogers,limited,B4 B12
trb140-0,CA,bell-ca,Bell,limited,B2 B4 B12
trb140-0,CA,telus-ca,TELUS,limited,B2 B12 B4
trb140-0,IT,tim-it,TIM,good,
trb140-0,IT,vodafone-it,Vodafone,good,
trb140-0,IT,windtre-it,WindTre,good,
trb140-0,IT,iliad-it,Iliad,good,
trb140-0,NL,kpn,KPN,good,
trb140-0,NL,vodafone-nl,Vodafone,good,
trb140-0,NL,odido,Odido,good,
trb140-0,PL,orange-pl,Orange,good,
trb140-0,PL,tmobile-pl,T-Mobile,good,
trb140-0,PL,play-pl,Play,good,
trb140-0,PL,plus-pl,Plus,good,
trb140-0,MX,telcel,Telcel,limited,B4
trb140-0,MX,att-mx,AT&T,no,B2 B4
trb140-0,MX,altan,Altán,good,
trb140-0,BR,vivo-br,Vivo,good,
trb140-0,BR,claro-br,Claro,good,
trb140-0,BR,tim-br,TIM,good,
trb140-0,IN,jio,Jio,limited,B5
trb140-0,IN,airtel,Airtel,good,
trb140-0,IN,vi-in,Vi,good,
trb140-0,IN,bsnl,BSNL,good,
trb140-0,SG,singtel,Singtel,good,
trb140-0,SG,starhub,StarHub,good,
trb140-0,SG,m1,M1,good,
trb140-0,SG,simba,SIMBA,good,
trb140-0,ID,telkomsel,Telkomsel,good,
trb140-0,ID,indosat,Indosat,good,
trb140-0,ID,xlsmart,XLSMART,good,
trb140-0,TR,turkcell,Turkcell,good,
trb140-0,TR,vodafone-tr,Vodafone,good,
trb140-0,TR,turktelekom,Türk Telekom,good,
trb140-0,ES,movistar-es,Movistar,good,
trb140-0,ES,vodafone-es,Vodafone,good,
trb140-0,ES,masorange-es,MasOrange,good,
trb140-0,AU,telstra-au,Telstra,good,
trb140-0,AU,optus-au,Optus,good,
trb140-0,AU,vodafone-au,Vodafone,limited,B5
trb140-0,NZ,spark-nz,Spark,good,
trb140-0,NZ,one-nz,One NZ,good,
trb140-0,NZ,2degrees-nz,2degrees,good,
trb140-1,GB,ee,EE,limited,B20
trb140-1,GB,o2,O2,limited,B20
trb140-1,GB,vodafone,Vodafone,limited,B20
trb140-1,GB,three,Three,limited,B20
trb140-1,US,att,AT&T,limited,B12 B17
trb140-1,US,verizon,Verizon,limited,B13
trb140-1,US,t-mobile,T-Mobile,limited,B12 B66 B71
trb140-1,KR,skt,SK Telecom,good,
trb140-1,KR,kt,KT,good,
trb140-1,KR,lg-uplus,LG U+,good,
trb140-1,CN,china-mobile,China Mobile,limited,B34 B38 B39
trb140-1,CN,china-telecom,China Telecom,good,
trb140-1,CN,china-unicom,China Unicom,good,
trb140-1,CN,china-broadnet,China Broadnet,good,
trb140-1,JP,ntt-docomo,NTT docomo,good,
trb140-1,JP,kddi,KDDI (au),limited,
trb140-1,JP,softbank,SoftBank,good,
trb140-1,JP,rakuten,Rakuten Mobile,limited,
trb140-1,DE,telekom-de,Deutsche Telekom,good,
trb140-1,DE,vodafone-de,Vodafone,good,
trb140-1,DE,o2-de,O2 Telefónica,good,
trb140-1,FR,orange-fr,Orange,good,
trb140-1,FR,sfr,SFR,good,
trb140-1,FR,bouygues,Bouygues Telecom,good,
trb140-1,FR,free-fr,Free Mobile,good,
trb140-1,AE,etisalat,e& (Etisalat),limited,
trb140-1,AE,du,du,limited,
trb140-1,SA,stc-sa,stc,good,
trb140-1,SA,mobily,Mobily,limited,
trb140-1,SA,zain-sa,Zain KSA,good,
trb140-1,QA,ooredoo-qa,Ooredoo Qatar,limited,
trb140-1,QA,vodafone-qa,Vodafone Qatar,limited,
trb140-1,KW,ooredoo-kw,Ooredoo Kuwait,limited,
trb140-1,KW,zain-kw,Zain Kuwait,good,
trb140-1,KW,stc-kw,stc Kuwait,good,
trb140-1,IL,partner-il,Partner,good,
trb140-1,IL,hot-il,HOT Mobile,good,
trb140-1,IL,cellcom-il,Cellcom,good,
trb140-1,IL,pelephone-il,Pelephone,good,
trb140-1,CA,rogers-ca,Rogers,limited,B12
trb140-1,CA,bell-ca,Bell,limited,B12
trb140-1,CA,telus-ca,TELUS,limited,B12
trb140-1,IT,tim-it,TIM,limited,B20
trb140-1,IT,vodafone-it,Vodafone,limited,B20
trb140-1,IT,windtre-it,WindTre,limited,B20
trb140-1,IT,iliad-it,Iliad,good,
trb140-1,NL,kpn,KPN,limited,B20
trb140-1,NL,vodafone-nl,Vodafone,limited,B20
trb140-1,NL,odido,Odido,limited,B20
trb140-1,PL,orange-pl,Orange,limited,B20
trb140-1,PL,tmobile-pl,T-Mobile,limited,B20
trb140-1,PL,play-pl,Play,limited,B20
trb140-1,PL,plus-pl,Plus,good,
trb140-1,MX,telcel,Telcel,good,
trb140-1,MX,att-mx,AT&T,good,
trb140-1,MX,altan,Altán,good,
trb140-1,BR,vivo-br,Vivo,good,
trb140-1,BR,claro-br,Claro,good,
trb140-1,BR,tim-br,TIM,good,
trb140-1,IN,jio,Jio,good,
trb140-1,IN,airtel,Airtel,good,
trb140-1,IN,vi-in,Vi,good,
trb140-1,IN,bsnl,BSNL,no,B41
trb140-1,SG,singtel,Singtel,good,
trb140-1,SG,starhub,StarHub,good,
trb140-1,SG,m1,M1,good,
trb140-1,SG,simba,SIMBA,good,
trb140-1,ID,telkomsel,Telkomsel,good,
trb140-1,ID,indosat,Indosat,good,
trb140-1,ID,xlsmart,XLSMART,good,
trb140-1,TR,turkcell,Turkcell,limited,B20
trb140-1,TR,vodafone-tr,Vodafone,limited,B20
trb140-1,TR,turktelekom,Türk Telekom,limited,B20
trb140-1,ES,movistar-es,Movistar,limited,B20
trb140-1,ES,vodafone-es,Vodafone,limited,B20
trb140-1,ES,masorange-es,MasOrange,limited,B20
trb140-1,AU,telstra-au,Telstra,good,
trb140-1,AU,optus-au,Optus,good,
trb140-1,AU,vodafone-au,Vodafone,good,
trb140-1,NZ,spark-nz,Spark,good,
trb140-1,NZ,one-nz,One NZ,good,
trb140-1,NZ,2degrees-nz,2degrees,good,
rutx12-0,GB,ee,EE,good,
rutx12-0,GB,o2,O2,good,
rutx12-0,GB,vodafone,Vodafone,good,
rutx12-0,GB,three,Three,good,
rutx12-0,US,att,AT&T,limited,B2 B4 B12 B17
rutx12-0,US,verizon,Verizon,limited,B13
rutx12-0,US,t-mobile,T-Mobile,limited,B2 B12 B66 B71
rutx12-0,KR,skt,SK Telecom,good,
rutx12-0,KR,kt,KT,good,
rutx12-0,KR,lg-uplus,LG U+,good,
rutx12-0,CN,china-mobile,China Mobile,limited,B34 B39
rutx12-0,CN,china-telecom,China Telecom,good,
rutx12-0,CN,china-unicom,China Unicom,good,
rutx12-0,CN,china-broadnet,China Broadnet,good,
rutx12-0,JP,ntt-docomo,NTT docomo,good,
rutx12-0,JP,kddi,KDDI (au),limited,
rutx12-0,JP,softbank,SoftBank,good,
rutx12-0,JP,rakuten,Rakuten Mobile,limited,
rutx12-0,DE,telekom-de,Deutsche Telekom,good,
rutx12-0,DE,vodafone-de,Vodafone,good,
rutx12-0,DE,o2-de,O2 Telefónica,good,
rutx12-0,FR,orange-fr,Orange,good,
rutx12-0,FR,sfr,SFR,good,
rutx12-0,FR,bouygues,Bouygues Telecom,good,
rutx12-0,FR,free-fr,Free Mobile,good,
rutx12-0,AE,etisalat,e& (Etisalat),good,
rutx12-0,AE,du,du,good,
rutx12-0,SA,stc-sa,stc,good,
rutx12-0,SA,mobily,Mobily,good,
rutx12-0,SA,zain-sa,Zain KSA,good,
rutx12-0,QA,ooredoo-qa,Ooredoo Qatar,good,
rutx12-0,QA,vodafone-qa,Vodafone Qatar,good,
rutx12-0,KW,ooredoo-kw,Ooredoo Kuwait,good,
rutx12-0,KW,zain-kw,Zain Kuwait,good,
rutx12-0,KW,stc-kw,stc Kuwait,good,
rutx12-0,IL,partner-il,Partner,good,
rutx12-0,IL,hot-il,HOT Mobile,good,
rutx12-0,IL,cellcom-il,Cellcom,good,
rutx12-0,IL,pelephone-il,Pelephone,good,
rutx12-0,CA,rogers-ca,Rogers,limited,B4 B12
rutx12-0,CA,bell-ca,Bell,limited,B2 B4 B12
rutx12-0,CA,telus-ca,TELUS,limited,B2 B12 B4
rutx12-0,IT,tim-it,TIM,good,
rutx12-0,IT,vodafone-it,Vodafone,good,
rutx12-0,IT,windtre-it,WindTre,good,
rutx12-0,IT,iliad-it,Iliad,good,
rutx12-0,NL,kpn,KPN,good,
rutx12-0,NL,vodafone-nl,Vodafone,good,
rutx12-0,NL,odido,Odido,good,
rutx12-0,PL,orange-pl,Orange,good,
rutx12-0,PL,tmobile-pl,T-Mobile,good,
rutx12-0,PL,play-pl,Play,good,
rutx12-0,PL,plus-pl,Plus,good,
rutx12-0,MX,telcel,Telcel,limited,B4
rutx12-0,MX,att-mx,AT&T,no,B2 B4
rutx12-0,MX,altan,Altán,good,
rutx12-0,BR,vivo-br,Vivo,good,
rutx12-0,BR,claro-br,Claro,good,
rutx12-0,BR,tim-br,TIM,good,
rutx12-0,IN,jio,Jio,good,
rutx12-0,IN,airtel,Airtel,good,
rutx12-0,IN,vi-in,Vi,good,
rutx12-0,IN,bsnl,BSNL,good,
rutx12-0,SG,singtel,Singtel,good,
rutx12-0,SG,starhub,StarHub,good,
rutx12-0,SG,m1,M1,good,
rutx12-0,SG,simba,SIMBA,good,
rutx12-0,ID,telkomsel,Telkomsel,good,
rutx12-0,ID,indosat,Indosat,good,
rutx12-0,ID,xlsmart,XLSMART,good,
rutx12-0,TR,turkcell,Turkcell,good,
rutx12-0,TR,vodafone-tr,Vodafone,good,
rutx12-0,TR,turktelekom,Türk Telekom,good,
rutx12-0,ES,movistar-es,Movistar,good,
rutx12-0,ES,vodafone-es,Vodafone,good,
rutx12-0,ES,masorange-es,MasOrange,good,
rutx12-0,AU,telstra-au,Telstra,good,
rutx12-0,AU,optus-au,Optus,good,
rutx12-0,AU,vodafone-au,Vodafone,good,
rutx12-0,NZ,spark-nz,Spark,good,
rutx12-0,NZ,one-nz,One NZ,good,
rutx12-0,NZ,2degrees-nz,2degrees,good,
rutx12-1,GB,ee,EE,limited,B3 B20
rutx12-1,GB,o2,O2,no,B20
rutx12-1,GB,vodafone,Vodafone,limited,B20
rutx12-1,GB,three,Three,no,B20
rutx12-1,US,att,AT&T,good,
rutx12-1,US,verizon,Verizon,good,
rutx12-1,US,t-mobile,T-Mobile,limited,B71
rutx12-1,KR,skt,SK Telecom,good,
rutx12-1,KR,kt,KT,no,
rutx12-1,KR,lg-uplus,LG U+,good,
rutx12-1,CN,china-mobile,China Mobile,no,B34 B38 B39 B40
rutx12-1,CN,china-telecom,China Telecom,limited,
rutx12-1,CN,china-unicom,China Unicom,no,
rutx12-1,CN,china-broadnet,China Broadnet,no,
rutx12-1,JP,ntt-docomo,NTT docomo,limited,
rutx12-1,JP,kddi,KDDI (au),limited,
rutx12-1,JP,softbank,SoftBank,no,
rutx12-1,JP,rakuten,Rakuten Mobile,limited,
rutx12-1,DE,telekom-de,Deutsche Telekom,no,
rutx12-1,DE,vodafone-de,Vodafone,limited,
rutx12-1,DE,o2-de,O2 Telefónica,no,
rutx12-1,FR,orange-fr,Orange,limited,
rutx12-1,FR,sfr,SFR,limited,
rutx12-1,FR,bouygues,Bouygues Telecom,limited,
rutx12-1,FR,free-fr,Free Mobile,limited,
rutx12-1,AE,etisalat,e& (Etisalat),limited,
rutx12-1,AE,du,du,no,
rutx12-1,SA,stc-sa,stc,no,
rutx12-1,SA,mobily,Mobily,no,
rutx12-1,SA,zain-sa,Zain KSA,no,
rutx12-1,QA,ooredoo-qa,Ooredoo Qatar,limited,
rutx12-1,QA,vodafone-qa,Vodafone Qatar,limited,
rutx12-1,KW,ooredoo-kw,Ooredoo Kuwait,no,
rutx12-1,KW,zain-kw,Zain Kuwait,no,
rutx12-1,KW,stc-kw,stc Kuwait,no,
rutx12-1,IL,partner-il,Partner,no,
rutx12-1,IL,hot-il,HOT Mobile,no,
rutx12-1,IL,cellcom-il,Cellcom,no,
rutx12-1,IL,pelephone-il,Pelephone,no,
rutx12-1,CA,rogers-ca,Rogers,good,
rutx12-1,CA,bell-ca,Bell,good,
rutx12-1,CA,telus-ca,TELUS,good,
rutx12-1,IT,tim-it,TIM,limited,B3 B20
rutx12-1,IT,vodafone-it,Vodafone,limited,B3 B20
rutx12-1,IT,windtre-it,WindTre,limited,B3 B20
rutx12-1,IT,iliad-it,Iliad,limited,B3 B28
rutx12-1,NL,kpn,KPN,limited,B3 B20
rutx12-1,NL,vodafone-nl,Vodafone,limited,B3 B20
rutx12-1,NL,odido,Odido,limited,B3 B20
rutx12-1,PL,orange-pl,Orange,limited,B3 B20
rutx12-1,PL,tmobile-pl,T-Mobile,limited,B3 B20
rutx12-1,PL,play-pl,Play,limited,B3 B20
rutx12-1,PL,plus-pl,Plus,limited,B8
rutx12-1,MX,telcel,Telcel,good,
rutx12-1,MX,att-mx,AT&T,good,
rutx12-1,MX,altan,Altán,no,B28
rutx12-1,BR,vivo-br,Vivo,limited,B3 B28
rutx12-1,BR,claro-br,Claro,limited,B3 B28
rutx12-1,BR,tim-br,TIM,limited,B3 B28
rutx12-1,IN,jio,Jio,limited,B3
rutx12-1,IN,airtel,Airtel,no,B3 B40
rutx12-1,IN,vi-in,Vi,no,B3 B40
rutx12-1,IN,bsnl,BSNL,no,B41
rutx12-1,SG,singtel,Singtel,limited,B3 B8
rutx12-1,SG,starhub,StarHub,limited,B3 B8
rutx12-1,SG,m1,M1,limited,B3
rutx12-1,SG,simba,SIMBA,no,B8 B40
rutx12-1,ID,telkomsel,Telkomsel,no,B3 B8
rutx12-1,ID,indosat,Indosat,no,B3 B8
rutx12-1,ID,xlsmart,XLSMART,no,B3 B8
rutx12-1,TR,turkcell,Turkcell,limited,B3 B20
rutx12-1,TR,vodafone-tr,Vodafone,limited,B3 B20
rutx12-1,TR,turktelekom,Türk Telekom,limited,B3 B20
rutx12-1,ES,movistar-es,Movistar,limited,B3 B20
rutx12-1,ES,vodafone-es,Vodafone,limited,B3 B20
rutx12-1,ES,masorange-es,MasOrange,limited,B3 B20
rutx12-1,AU,telstra-au,Telstra,limited,B3 B28
rutx12-1,AU,optus-au,Optus,limited,B3 B28
rutx12-1,AU,vodafone-au,Vodafone,limited,B3
rutx12-1,NZ,spark-nz,Spark,limited,B3 B28
rutx12-1,NZ,one-nz,One NZ,no,B3 B28
rutx12-1,NZ,2degrees-nz,2degrees,no,B3 B28
fmc130-me3,GB,ee,EE,good,
fmc130-me3,GB,o2,O2,good,
fmc130-me3,GB,vodafone,Vodafone,good,
fmc130-me3,GB,three,Three,good,
fmc130-me3,US,att,AT&T,no,B2 B4 B5 B12 B17
fmc130-me3,US,verizon,Verizon,no,B13
fmc130-me3,US,t-mobile,T-Mobile,limited,B2 B12 B66 B71
fmc130-me3,KR,skt,SK Telecom,limited,
fmc130-me3,KR,kt,KT,good,
fmc130-me3,KR,lg-uplus,LG U+,limited,
fmc130-me3,CN,china-mobile,China Mobile,limited,B34 B39
fmc130-me3,CN,china-telecom,China Telecom,limited,
fmc130-me3,CN,china-unicom,China Unicom,good,
fmc130-me3,CN,china-broadnet,China Broadnet,good,
fmc130-me3,JP,ntt-docomo,NTT docomo,limited,
fmc130-me3,JP,kddi,KDDI (au),limited,
fmc130-me3,JP,softbank,SoftBank,good,
fmc130-me3,JP,rakuten,Rakuten Mobile,limited,
fmc130-me3,DE,telekom-de,Deutsche Telekom,good,
fmc130-me3,DE,vodafone-de,Vodafone,good,
fmc130-me3,DE,o2-de,O2 Telefónica,good,
fmc130-me3,FR,orange-fr,Orange,good,
fmc130-me3,FR,sfr,SFR,good,
fmc130-me3,FR,bouygues,Bouygues Telecom,good,
fmc130-me3,FR,free-fr,Free Mobile,good,
fmc130-me3,AE,etisalat,e& (Etisalat),good,
fmc130-me3,AE,du,du,good,
fmc130-me3,SA,stc-sa,stc,good,
fmc130-me3,SA,mobily,Mobily,good,
fmc130-me3,SA,zain-sa,Zain KSA,good,
fmc130-me3,QA,ooredoo-qa,Ooredoo Qatar,good,
fmc130-me3,QA,vodafone-qa,Vodafone Qatar,good,
fmc130-me3,KW,ooredoo-kw,Ooredoo Kuwait,good,
fmc130-me3,KW,zain-kw,Zain Kuwait,good,
fmc130-me3,KW,stc-kw,stc Kuwait,good,
fmc130-me3,IL,partner-il,Partner,good,
fmc130-me3,IL,hot-il,HOT Mobile,good,
fmc130-me3,IL,cellcom-il,Cellcom,good,
fmc130-me3,IL,pelephone-il,Pelephone,good,
fmc130-me3,CA,rogers-ca,Rogers,limited,B4 B12
fmc130-me3,CA,bell-ca,Bell,limited,B2 B4 B12
fmc130-me3,CA,telus-ca,TELUS,limited,B2 B12 B4
fmc130-me3,IT,tim-it,TIM,good,
fmc130-me3,IT,vodafone-it,Vodafone,good,
fmc130-me3,IT,windtre-it,WindTre,good,
fmc130-me3,IT,iliad-it,Iliad,good,
fmc130-me3,NL,kpn,KPN,good,
fmc130-me3,NL,vodafone-nl,Vodafone,good,
fmc130-me3,NL,odido,Odido,good,
fmc130-me3,PL,orange-pl,Orange,good,
fmc130-me3,PL,tmobile-pl,T-Mobile,good,
fmc130-me3,PL,play-pl,Play,good,
fmc130-me3,PL,plus-pl,Plus,good,
fmc130-me3,MX,telcel,Telcel,limited,B4
fmc130-me3,MX,att-mx,AT&T,no,B2 B4
fmc130-me3,MX,altan,Altán,good,
fmc130-me3,BR,vivo-br,Vivo,good,
fmc130-me3,BR,claro-br,Claro,good,
fmc130-me3,BR,tim-br,TIM,good,
fmc130-me3,IN,jio,Jio,limited,B5
fmc130-me3,IN,airtel,Airtel,good,
fmc130-me3,IN,vi-in,Vi,good,
fmc130-me3,IN,bsnl,BSNL,good,
fmc130-me3,SG,singtel,Singtel,good,
fmc130-me3,SG,starhub,StarHub,good,
fmc130-me3,SG,m1,M1,good,
fmc130-me3,SG,simba,SIMBA,good,
fmc130-me3,ID,telkomsel,Telkomsel,good,
fmc130-me3,ID,indosat,Indosat,good,
fmc130-me3,ID,xlsmart,XLSMART,good,
fmc130-me3,TR,turkcell,Turkcell,good,
fmc130-me3,TR,vodafone-tr,Vodafone,good,
fmc130-me3,TR,turktelekom,Türk Telekom,good,
fmc130-me3,ES,movistar-es,Movistar,good,
fmc130-me3,ES,vodafone-es,Vodafone,good,
fmc130-me3,ES,masorange-es,MasOrange,good,
fmc130-me3,AU,telstra-au,Telstra,good,
fmc130-me3,AU,optus-au,Optus,good,
fmc130-me3,AU,vodafone-au,Vodafone,limited,B5
fmc130-me3,NZ,spark-nz,Spark,good,
fmc130-me3,NZ,one-nz,One NZ,good,
fmc130-me3,NZ,2degrees-nz,2degrees,good,
fmc130-mcib0,GB,ee,EE,good,
fmc130-mcib0,GB,o2,O2,good,
fmc130-mcib0,GB,vodafone,Vodafone,good,
fmc130-mcib0,GB,three,Three,good,
fmc130-mcib0,US,att,AT&T,limited,B12 B17
fmc130-mcib0,US,verizon,Verizon,limited,B13
fmc130-mcib0,US,t-mobile,T-Mobile,limited,B12 B66 B71
fmc130-mcib0,KR,skt,SK Telecom,good,
fmc130-mcib0,KR,kt,KT,good,
fmc130-mcib0,KR,lg-uplus,LG U+,good,
fmc130-mcib0,CN,china-mobile,China Mobile,limited,B34 B38 B39
fmc130-mcib0,CN,china-telecom,China Telecom,good,
fmc130-mcib0,CN,china-unicom,China Unicom,good,
fmc130-mcib0,CN,china-broadnet,China Broadnet,good,
fmc130-mcib0,JP,ntt-docomo,NTT docomo,good,
fmc130-mcib0,JP,kddi,KDDI (au),limited,
fmc130-mcib0,JP,softbank,SoftBank,good,
fmc130-mcib0,JP,rakuten,Rakuten Mobile,limited,
fmc130-mcib0,DE,telekom-de,Deutsche Telekom,good,
fmc130-mcib0,DE,vodafone-de,Vodafone,good,
fmc130-mcib0,DE,o2-de,O2 Telefónica,good,
fmc130-mcib0,FR,orange-fr,Orange,good,
fmc130-mcib0,FR,sfr,SFR,good,
fmc130-mcib0,FR,bouygues,Bouygues Telecom,good,
fmc130-mcib0,FR,free-fr,Free Mobile,good,
fmc130-mcib0,AE,etisalat,e& (Etisalat),good,
fmc130-mcib0,AE,du,du,good,
fmc130-mcib0,SA,stc-sa,stc,good,
fmc130-mcib0,SA,mobily,Mobily,limited,
fmc130-mcib0,SA,zain-sa,Zain KSA,good,
fmc130-mcib0,QA,ooredoo-qa,Ooredoo Qatar,good,
fmc130-mcib0,QA,vodafone-qa,Vodafone Qatar,good,
fmc130-mcib0,KW,ooredoo-kw,Ooredoo Kuwait,good,
fmc130-mcib0,KW,zain-kw,Zain Kuwait,good,
fmc130-mcib0,KW,stc-kw,stc Kuwait,good,
fmc130-mcib0,IL,partner-il,Partner,good,
fmc130-mcib0,IL,hot-il,HOT Mobile,good,
fmc130-mcib0,IL,cellcom-il,Cellcom,good,
fmc130-mcib0,IL,pelephone-il,Pelephone,good,
fmc130-mcib0,CA,rogers-ca,Rogers,limited,B12
fmc130-mcib0,CA,bell-ca,Bell,limited,B12
fmc130-mcib0,CA,telus-ca,TELUS,limited,B12
fmc130-mcib0,IT,tim-it,TIM,good,
fmc130-mcib0,IT,vodafone-it,Vodafone,good,
fmc130-mcib0,IT,windtre-it,WindTre,good,
fmc130-mcib0,IT,iliad-it,Iliad,good,
fmc130-mcib0,NL,kpn,KPN,good,
fmc130-mcib0,NL,vodafone-nl,Vodafone,good,
fmc130-mcib0,NL,odido,Odido,good,
fmc130-mcib0,PL,orange-pl,Orange,good,
fmc130-mcib0,PL,tmobile-pl,T-Mobile,good,
fmc130-mcib0,PL,play-pl,Play,good,
fmc130-mcib0,PL,plus-pl,Plus,good,
fmc130-mcib0,MX,telcel,Telcel,good,
fmc130-mcib0,MX,att-mx,AT&T,good,
fmc130-mcib0,MX,altan,Altán,good,
fmc130-mcib0,BR,vivo-br,Vivo,good,
fmc130-mcib0,BR,claro-br,Claro,good,
fmc130-mcib0,BR,tim-br,TIM,good,
fmc130-mcib0,IN,jio,Jio,good,
fmc130-mcib0,IN,airtel,Airtel,good,
fmc130-mcib0,IN,vi-in,Vi,good,
fmc130-mcib0,IN,bsnl,BSNL,no,B41
fmc130-mcib0,SG,singtel,Singtel,good,
fmc130-mcib0,SG,starhub,StarHub,good,
fmc130-mcib0,SG,m1,M1,good,
fmc130-mcib0,SG,simba,SIMBA,good,
fmc130-mcib0,ID,telkomsel,Telkomsel,good,
fmc130-mcib0,ID,indosat,Indosat,good,
fmc130-mcib0,ID,xlsmart,XLSMART,good,
fmc130-mcib0,TR,turkcell,Turkcell,good,
fmc130-mcib0,TR,vodafone-tr,Vodafone,good,
fmc130-mcib0,TR,turktelekom,Türk Telekom,good,
fmc130-mcib0,ES,movistar-es,Movistar,good,
fmc130-mcib0,ES,vodafone-es,Vodafone,good,
fmc130-mcib0,ES,masorange-es,MasOrange,good,
fmc130-mcib0,AU,telstra-au,Telstra,good,
fmc130-mcib0,AU,optus-au,Optus,good,
fmc130-mcib0,AU,vodafone-au,Vodafone,good,
fmc130-mcib0,NZ,spark-nz,Spark,good,
fmc130-mcib0,NZ,one-nz,One NZ,good,
fmc130-mcib0,NZ,2degrees-nz,2degrees,good,
ec25-af,GB,ee,EE,no,B3 B7 B20
ec25-af,GB,o2,O2,no,B20
ec25-af,GB,vodafone,Vodafone,no,B7 B20
ec25-af,GB,three,Three,no,B20
ec25-af,US,att,AT&T,good,
ec25-af,US,verizon,Verizon,good,
ec25-af,US,t-mobile,T-Mobile,good,
ec25-af,KR,skt,SK Telecom,limited,
ec25-af,KR,kt,KT,no,
ec25-af,KR,lg-uplus,LG U+,limited,
ec25-af,CN,china-mobile,China Mobile,no,B34 B38 B39 B40
ec25-af,CN,china-telecom,China Telecom,limited,
ec25-af,CN,china-unicom,China Unicom,no,
ec25-af,CN,china-broadnet,China Broadnet,no,
ec25-af,JP,ntt-docomo,NTT docomo,limited,
ec25-af,JP,kddi,KDDI (au),limited,
ec25-af,JP,softbank,SoftBank,no,
ec25-af,JP,rakuten,Rakuten Mobile,limited,
ec25-af,DE,telekom-de,Deutsche Telekom,no,
ec25-af,DE,vodafone-de,Vodafone,no,
ec25-af,DE,o2-de,O2 Telefónica,no,
ec25-af,FR,orange-fr,Orange,no,
ec25-af,FR,sfr,SFR,no,
ec25-af,FR,bouygues,Bouygues Telecom,no,
ec25-af,FR,free-fr,Free Mobile,no,
ec25-af,AE,etisalat,e& (Etisalat),no,
ec25-af,AE,du,du,no,
ec25-af,SA,stc-sa,stc,no,
ec25-af,SA,mobily,Mobily,no,
ec25-af,SA,zain-sa,Zain KSA,no,
ec25-af,QA,ooredoo-qa,Ooredoo Qatar,no,
ec25-af,QA,vodafone-qa,Vodafone Qatar,no,
ec25-af,KW,ooredoo-kw,Ooredoo Kuwait,no,
ec25-af,KW,zain-kw,Zain Kuwait,no,
ec25-af,KW,stc-kw,stc Kuwait,no,
ec25-af,IL,partner-il,Partner,no,
ec25-af,IL,hot-il,HOT Mobile,no,
ec25-af,IL,cellcom-il,Cellcom,no,
ec25-af,IL,pelephone-il,Pelephone,no,
ec25-af,CA,rogers-ca,Rogers,good,
ec25-af,CA,bell-ca,Bell,good,
ec25-af,CA,telus-ca,TELUS,good,
ec25-af,IT,tim-it,TIM,no,B3 B20
ec25-af,IT,vodafone-it,Vodafone,no,B3 B20
ec25-af,IT,windtre-it,WindTre,no,B3 B20
ec25-af,IT,iliad-it,Iliad,no,B3 B28
ec25-af,NL,kpn,KPN,no,B3 B20
ec25-af,NL,vodafone-nl,Vodafone,no,B3 B20
ec25-af,NL,odido,Odido,no,B3 B20
ec25-af,PL,orange-pl,Orange,no,B3 B20
ec25-af,PL,tmobile-pl,T-Mobile,no,B3 B20
ec25-af,PL,play-pl,Play,no,B3 B20
ec25-af,PL,plus-pl,Plus,no,B7 B8
ec25-af,MX,telcel,Telcel,good,
ec25-af,MX,att-mx,AT&T,good,
ec25-af,MX,altan,Altán,no,B28
ec25-af,BR,vivo-br,Vivo,limited,B3 B28
ec25-af,BR,claro-br,Claro,no,B3 B28
ec25-af,BR,tim-br,TIM,limited,B3 B28
ec25-af,IN,jio,Jio,limited,B3
ec25-af,IN,airtel,Airtel,no,B3 B40
ec25-af,IN,vi-in,Vi,no,B3 B40
ec25-af,IN,bsnl,BSNL,no,B41
ec25-af,SG,singtel,Singtel,no,B3 B8
ec25-af,SG,starhub,StarHub,no,B3 B8
ec25-af,SG,m1,M1,no,B3
ec25-af,SG,simba,SIMBA,no,B8 B40
ec25-af,ID,telkomsel,Telkomsel,no,B3 B8
ec25-af,ID,indosat,Indosat,no,B3 B8
ec25-af,ID,xlsmart,XLSMART,no,B3 B8
ec25-af,TR,turkcell,Turkcell,no,B3 B20
ec25-af,TR,vodafone-tr,Vodafone,no,B3 B20
ec25-af,TR,turktelekom,Türk Telekom,no,B3 B20
ec25-af,ES,movistar-es,Movistar,no,B3 B20
ec25-af,ES,vodafone-es,Vodafone,no,B3 B20
ec25-af,ES,masorange-es,MasOrange,no,B3 B20
ec25-af,AU,telstra-au,Telstra,no,B3 B28
ec25-af,AU,optus-au,Optus,no,B3 B28
ec25-af,AU,vodafone-au,Vodafone,limited,B3
ec25-af,NZ,spark-nz,Spark,no,B3 B28
ec25-af,NZ,one-nz,One NZ,no,B3 B28
ec25-af,NZ,2degrees-nz,2degrees,no,B3 B28
ec25-eux,GB,ee,EE,good,
ec25-eux,GB,o2,O2,good,
ec25-eux,GB,vodafone,Vodafone,good,
ec25-eux,GB,three,Three,good,
ec25-eux,US,att,AT&T,no,B2 B4 B5 B12 B17
ec25-eux,US,verizon,Verizon,no,B13
ec25-eux,US,t-mobile,T-Mobile,limited,B2 B12 B66 B71
ec25-eux,KR,skt,SK Telecom,limited,
ec25-eux,KR,kt,KT,good,
ec25-eux,KR,lg-uplus,LG U+,limited,
ec25-eux,CN,china-mobile,China Mobile,limited,B34 B39
ec25-eux,CN,china-telecom,China Telecom,limited,
ec25-eux,CN,china-unicom,China Unicom,good,
ec25-eux,CN,china-broadnet,China Broadnet,good,
ec25-eux,JP,ntt-docomo,NTT docomo,limited,
ec25-eux,JP,kddi,KDDI (au),limited,
ec25-eux,JP,softbank,SoftBank,good,
ec25-eux,JP,rakuten,Rakuten Mobile,limited,
ec25-eux,DE,telekom-de,Deutsche Telekom,good,
ec25-eux,DE,vodafone-de,Vodafone,good,
ec25-eux,DE,o2-de,O2 Telefónica,good,
ec25-eux,FR,orange-fr,Orange,good,
ec25-eux,FR,sfr,SFR,good,
ec25-eux,FR,bouygues,Bouygues Telecom,good,
ec25-eux,FR,free-fr,Free Mobile,good,
ec25-eux,AE,etisalat,e& (Etisalat),good,
ec25-eux,AE,du,du,good,
ec25-eux,SA,stc-sa,stc,good,
ec25-eux,SA,mobily,Mobily,good,
ec25-eux,SA,zain-sa,Zain KSA,good,
ec25-eux,QA,ooredoo-qa,Ooredoo Qatar,good,
ec25-eux,QA,vodafone-qa,Vodafone Qatar,good,
ec25-eux,KW,ooredoo-kw,Ooredoo Kuwait,good,
ec25-eux,KW,zain-kw,Zain Kuwait,good,
ec25-eux,KW,stc-kw,stc Kuwait,good,
ec25-eux,IL,partner-il,Partner,good,
ec25-eux,IL,hot-il,HOT Mobile,good,
ec25-eux,IL,cellcom-il,Cellcom,good,
ec25-eux,IL,pelephone-il,Pelephone,good,
ec25-eux,CA,rogers-ca,Rogers,limited,B4 B12
ec25-eux,CA,bell-ca,Bell,limited,B2 B4 B12
ec25-eux,CA,telus-ca,TELUS,limited,B2 B12 B4
ec25-eux,IT,tim-it,TIM,good,
ec25-eux,IT,vodafone-it,Vodafone,good,
ec25-eux,IT,windtre-it,WindTre,good,
ec25-eux,IT,iliad-it,Iliad,good,
ec25-eux,NL,kpn,KPN,good,
ec25-eux,NL,vodafone-nl,Vodafone,good,
ec25-eux,NL,odido,Odido,good,
ec25-eux,PL,orange-pl,Orange,good,
ec25-eux,PL,tmobile-pl,T-Mobile,good,
ec25-eux,PL,play-pl,Play,good,
ec25-eux,PL,plus-pl,Plus,good,
ec25-eux,MX,telcel,Telcel,limited,B4
ec25-eux,MX,att-mx,AT&T,no,B2 B4
ec25-eux,MX,altan,Altán,good,
ec25-eux,BR,vivo-br,Vivo,good,
ec25-eux,BR,claro-br,Claro,good,
ec25-eux,BR,tim-br,TIM,good,
ec25-eux,IN,jio,Jio,limited,B5
ec25-eux,IN,airtel,Airtel,good,
ec25-eux,IN,vi-in,Vi,good,
ec25-eux,IN,bsnl,BSNL,good,
ec25-eux,SG,singtel,Singtel,good,
ec25-eux,SG,starhub,StarHub,good,
ec25-eux,SG,m1,M1,good,
ec25-eux,SG,simba,SIMBA,good,
ec25-eux,ID,telkomsel,Telkomsel,good,
ec25-eux,ID,indosat,Indosat,good,
ec25-eux,ID,xlsmart,XLSMART,good,
ec25-eux,TR,turkcell,Turkcell,good,
ec25-eux,TR,vodafone-tr,Vodafone,good,
ec25-eux,TR,turktelekom,Türk Telekom,good,
ec25-eux,ES,movistar-es,Movistar,good,
ec25-eux,ES,vodafone-es,Vodafone,good,
ec25-eux,ES,masorange-es,MasOrange,good,
ec25-eux,AU,telstra-au,Telstra,good,
ec25-eux,AU,optus-au,Optus,good,
ec25-eux,AU,vodafone-au,Vodafone,limited,B5
ec25-eux,NZ,spark-nz,Spark,good,
ec25-eux,NZ,one-nz,One NZ,good,
ec25-eux,NZ,2degrees-nz,2degrees,good,
ec25-mx,GB,ee,EE,limited,B3 B20
ec25-mx,GB,o2,O2,no,B20
ec25-mx,GB,vodafone,Vodafone,limited,B20
ec25-mx,GB,three,Three,no,B20
ec25-mx,US,att,AT&T,limited,B12 B17
ec25-mx,US,verizon,Verizon,limited,B13
ec25-mx,US,t-mobile,T-Mobile,limited,B12 B71
ec25-mx,KR,skt,SK Telecom,good,
ec25-mx,KR,kt,KT,no,
ec25-mx,KR,lg-uplus,LG U+,good,
ec25-mx,CN,china-mobile,China Mobile,no,B34 B38 B39 B40
ec25-mx,CN,china-telecom,China Telecom,limited,
ec25-mx,CN,china-unicom,China Unicom,no,
ec25-mx,CN,china-broadnet,China Broadnet,good,
ec25-mx,JP,ntt-docomo,NTT docomo,limited,
ec25-mx,JP,kddi,KDDI (au),limited,
ec25-mx,JP,softbank,SoftBank,no,
ec25-mx,JP,rakuten,Rakuten Mobile,limited,
ec25-mx,DE,telekom-de,Deutsche Telekom,limited,
ec25-mx,DE,vodafone-de,Vodafone,limited,
ec25-mx,DE,o2-de,O2 Telefónica,limited,
ec25-mx,FR,orange-fr,Orange,limited,
ec25-mx,FR,sfr,SFR,limited,
ec25-mx,FR,bouygues,Bouygues Telecom,limited,
ec25-mx,FR,free-fr,Free Mobile,good,
ec25-mx,AE,etisalat,e& (Etisalat),limited,
ec25-mx,AE,du,du,no,
ec25-mx,SA,stc-sa,stc,no,
ec25-mx,SA,mobily,Mobily,no,
ec25-mx,SA,zain-sa,Zain KSA,no,
ec25-mx,QA,ooredoo-qa,Ooredoo Qatar,limited,
ec25-mx,QA,vodafone-qa,Vodafone Qatar,limited,
ec25-mx,KW,ooredoo-kw,Ooredoo Kuwait,no,
ec25-mx,KW,zain-kw,Zain Kuwait,no,
ec25-mx,KW,stc-kw,stc Kuwait,no,
ec25-mx,IL,partner-il,Partner,good,
ec25-mx,IL,hot-il,HOT Mobile,good,
ec25-mx,IL,cellcom-il,Cellcom,good,
ec25-mx,IL,pelephone-il,Pelephone,good,
ec25-mx,CA,rogers-ca,Rogers,limited,B12
ec25-mx,CA,bell-ca,Bell,limited,B12
ec25-mx,CA,telus-ca,TELUS,limited,B12
ec25-mx,IT,tim-it,TIM,limited,B3 B20
ec25-mx,IT,vodafone-it,Vodafone,limited,B3 B20
ec25-mx,IT,windtre-it,WindTre,limited,B3 B20
ec25-mx,IT,iliad-it,Iliad,limited,B3
ec25-mx,NL,kpn,KPN,limited,B3 B20
ec25-mx,NL,vodafone-nl,Vodafone,limited,B3 B20
ec25-mx,NL,odido,Odido,limited,B3 B20
ec25-mx,PL,orange-pl,Orange,limited,B3 B20
ec25-mx,PL,tmobile-pl,T-Mobile,limited,B3 B20
ec25-mx,PL,play-pl,Play,limited,B3 B20
ec25-mx,PL,plus-pl,Plus,limited,B8
ec25-mx,MX,telcel,Telcel,good,
ec25-mx,MX,att-mx,AT&T,good,
ec25-mx,MX,altan,Altán,good,
ec25-mx,BR,vivo-br,Vivo,limited,B3
ec25-mx,BR,claro-br,Claro,limited,B3
ec25-mx,BR,tim-br,TIM,limited,B3
ec25-mx,IN,jio,Jio,limited,B3
ec25-mx,IN,airtel,Airtel,no,B3 B40
ec25-mx,IN,vi-in,Vi,no,B3 B40
ec25-mx,IN,bsnl,BSNL,no,B41
ec25-mx,SG,singtel,Singtel,limited,B3 B8
ec25-mx,SG,starhub,StarHub,limited,B3 B8
ec25-mx,SG,m1,M1,limited,B3
ec25-mx,SG,simba,SIMBA,no,B8 B40
ec25-mx,ID,telkomsel,Telkomsel,no,B3 B8
ec25-mx,ID,indosat,Indosat,no,B3 B8
ec25-mx,ID,xlsmart,XLSMART,no,B3 B8
ec25-mx,TR,turkcell,Turkcell,limited,B3 B20
ec25-mx,TR,vodafone-tr,Vodafone,limited,B3 B20
ec25-mx,TR,turktelekom,Türk Telekom,limited,B3 B20
ec25-mx,ES,movistar-es,Movistar,limited,B3 B20
ec25-mx,ES,vodafone-es,Vodafone,limited,B3 B20
ec25-mx,ES,masorange-es,MasOrange,limited,B3 B20
ec25-mx,AU,telstra-au,Telstra,limited,B3
ec25-mx,AU,optus-au,Optus,limited,B3
ec25-mx,AU,vodafone-au,Vodafone,limited,B3
ec25-mx,NZ,spark-nz,Spark,limited,B3
ec25-mx,NZ,one-nz,One NZ,limited,B3
ec25-mx,NZ,2degrees-nz,2degrees,limited,B3
ec25-au,GB,ee,EE,limited,B20
ec25-au,GB,o2,O2,limited,B20
ec25-au,GB,vodafone,Vodafone,limited,B20
ec25-au,GB,three,Three,limited,B20
ec25-au,US,att,AT&T,limited,B12 B17
ec25-au,US,verizon,Verizon,limited,B13
ec25-au,US,t-mobile,T-Mobile,limited,B12 B66 B71
ec25-au,KR,skt,SK Telecom,good,
ec25-au,KR,kt,KT,good,
ec25-au,KR,lg-uplus,LG U+,good,
ec25-au,CN,china-mobile,China Mobile,limited,B34 B38 B39
ec25-au,CN,china-telecom,China Telecom,good,
ec25-au,CN,china-unicom,China Unicom,good,
ec25-au,CN,china-broadnet,China Broadnet,good,
ec25-au,JP,ntt-docomo,NTT docomo,good,
ec25-au,JP,kddi,KDDI (au),limited,
ec25-au,JP,softbank,SoftBank,good,
ec25-au,JP,rakuten,Rakuten Mobile,limited,
ec25-au,DE,telekom-de,Deutsche Telekom,good,
ec25-au,DE,vodafone-de,Vodafone,good,
ec25-au,DE,o2-de,O2 Telefónica,good,
ec25-au,FR,orange-fr,Orange,good,
ec25-au,FR,sfr,SFR,good,
ec25-au,FR,bouygues,Bouygues Telecom,good,
ec25-au,FR,free-fr,Free Mobile,good,
ec25-au,AE,etisalat,e& (Etisalat),limited,
ec25-au,AE,du,du,limited,
ec25-au,SA,stc-sa,stc,good,
ec25-au,SA,mobily,Mobily,limited,
ec25-au,SA,zain-sa,Zain KSA,good,
ec25-au,QA,ooredoo-qa,Ooredoo Qatar,limited,
ec25-au,QA,vodafone-qa,Vodafone Qatar,limited,
ec25-au,KW,ooredoo-kw,Ooredoo Kuwait,limited,
ec25-au,KW,zain-kw,Zain Kuwait,good,
ec25-au,KW,stc-kw,stc Kuwait,good,
ec25-au,IL,partner-il,Partner,good,
ec25-au,IL,hot-il,HOT Mobile,good,
ec25-au,IL,cellcom-il,Cellcom,good,
ec25-au,IL,pelephone-il,Pelephone,good,
ec25-au,CA,rogers-ca,Rogers,limited,B12
ec25-au,CA,bell-ca,Bell,limited,B12
ec25-au,CA,telus-ca,TELUS,limited,B12
ec25-au,IT,tim-it,TIM,limited,B20
ec25-au,IT,vodafone-it,Vodafone,limited,B20
ec25-au,IT,windtre-it,WindTre,limited,B20
ec25-au,IT,iliad-it,Iliad,good,
ec25-au,NL,kpn,KPN,limited,B20
ec25-au,NL,vodafone-nl,Vodafone,limited,B20
ec25-au,NL,odido,Odido,limited,B20
ec25-au,PL,orange-pl,Orange,limited,B20
ec25-au,PL,tmobile-pl,T-Mobile,limited,B20
ec25-au,PL,play-pl,Play,limited,B20
ec25-au,PL,plus-pl,Plus,good,
ec25-au,MX,telcel,Telcel,good,
ec25-au,MX,att-mx,AT&T,good,
ec25-au,MX,altan,Altán,good,
ec25-au,BR,vivo-br,Vivo,good,
ec25-au,BR,claro-br,Claro,good,
ec25-au,BR,tim-br,TIM,good,
ec25-au,IN,jio,Jio,good,
ec25-au,IN,airtel,Airtel,good,
ec25-au,IN,vi-in,Vi,good,
ec25-au,IN,bsnl,BSNL,no,B41
ec25-au,SG,singtel,Singtel,good,
ec25-au,SG,starhub,StarHub,good,
ec25-au,SG,m1,M1,good,
ec25-au,SG,simba,SIMBA,good,
ec25-au,ID,telkomsel,Telkomsel,good,
ec25-au,ID,indosat,Indosat,good,
ec25-au,ID,xlsmart,XLSMART,good,
ec25-au,TR,turkcell,Turkcell,limited,B20
ec25-au,TR,vodafone-tr,Vodafone,limited,B20
ec25-au,TR,turktelekom,Türk Telekom,limited,B20
ec25-au,ES,movistar-es,Movistar,limited,B20
ec25-au,ES,vodafone-es,Vodafone,limited,B20
ec25-au,ES,masorange-es,MasOrange,limited,B20
ec25-au,AU,telstra-au,Telstra,good,
ec25-au,AU,optus-au,Optus,good,
ec25-au,AU,vodafone-au,Vodafone,good,
ec25-au,NZ,spark-nz,Spark,good,
ec25-au,NZ,one-nz,One NZ,good,
ec25-au,NZ,2degrees-nz,2degrees,good,
e3372h-320,GB,ee,EE,good,
e3372h-320,GB,o2,O2,good,
e3372h-320,GB,vodafone,Vodafone,good,
e3372h-320,GB,three,Three,good,
e3372h-320,US,att,AT&T,no,B2 B4 B5 B12 B17
e3372h-320,US,verizon,Verizon,no,B13
e3372h-320,US,t-mobile,T-Mobile,no,B2 B12 B66 B71
e3372h-320,KR,skt,SK Telecom,limited,
e3372h-320,KR,kt,KT,good,
e3372h-320,KR,lg-uplus,LG U+,limited,
e3372h-320,CN,china-mobile,China Mobile,limited,B34 B38 B39 B40
e3372h-320,CN,china-telecom,China Telecom,limited,
e3372h-320,CN,china-unicom,China Unicom,good,
e3372h-320,CN,china-broadnet,China Broadnet,good,
e3372h-320,JP,ntt-docomo,NTT docomo,limited,
e3372h-320,JP,kddi,KDDI (au),limited,
e3372h-320,JP,softbank,SoftBank,good,
e3372h-320,JP,rakuten,Rakuten Mobile,limited,
e3372h-320,DE,telekom-de,Deutsche Telekom,good,
e3372h-320,DE,vodafone-de,Vodafone,good,
e3372h-320,DE,o2-de,O2 Telefónica,good,
e3372h-320,FR,orange-fr,Orange,good,
e3372h-320,FR,sfr,SFR,good,
e3372h-320,FR,bouygues,Bouygues Telecom,good,
e3372h-320,FR,free-fr,Free Mobile,good,
e3372h-320,AE,etisalat,e& (Etisalat),good,
e3372h-320,AE,du,du,good,
e3372h-320,SA,stc-sa,stc,good,
e3372h-320,SA,mobily,Mobily,limited,
e3372h-320,SA,zain-sa,Zain KSA,good,
e3372h-320,QA,ooredoo-qa,Ooredoo Qatar,good,
e3372h-320,QA,vodafone-qa,Vodafone Qatar,good,
e3372h-320,KW,ooredoo-kw,Ooredoo Kuwait,good,
e3372h-320,KW,zain-kw,Zain Kuwait,good,
e3372h-320,KW,stc-kw,stc Kuwait,good,
e3372h-320,IL,partner-il,Partner,good,
e3372h-320,IL,hot-il,HOT Mobile,good,
e3372h-320,IL,cellcom-il,Cellcom,good,
e3372h-320,IL,pelephone-il,Pelephone,good,
e3372h-320,CA,rogers-ca,Rogers,limited,B4 B12
e3372h-320,CA,bell-ca,Bell,limited,B2 B4 B12
e3372h-320,CA,telus-ca,TELUS,limited,B2 B12 B4
e3372h-320,IT,tim-it,TIM,good,
e3372h-320,IT,vodafone-it,Vodafone,good,
e3372h-320,IT,windtre-it,WindTre,good,
e3372h-320,IT,iliad-it,Iliad,good,
e3372h-320,NL,kpn,KPN,good,
e3372h-320,NL,vodafone-nl,Vodafone,good,
e3372h-320,NL,odido,Odido,good,
e3372h-320,PL,orange-pl,Orange,good,
e3372h-320,PL,tmobile-pl,T-Mobile,good,
e3372h-320,PL,play-pl,Play,good,
e3372h-320,PL,plus-pl,Plus,good,
e3372h-320,MX,telcel,Telcel,limited,B4
e3372h-320,MX,att-mx,AT&T,no,B2 B4
e3372h-320,MX,altan,Altán,good,
e3372h-320,BR,vivo-br,Vivo,good,
e3372h-320,BR,claro-br,Claro,good,
e3372h-320,BR,tim-br,TIM,good,
e3372h-320,IN,jio,Jio,limited,B5
e3372h-320,IN,airtel,Airtel,limited,B40
e3372h-320,IN,vi-in,Vi,limited,B40
e3372h-320,IN,bsnl,BSNL,no,B41
e3372h-320,SG,singtel,Singtel,good,
e3372h-320,SG,starhub,StarHub,good,
e3372h-320,SG,m1,M1,good,
e3372h-320,SG,simba,SIMBA,limited,B40
e3372h-320,ID,telkomsel,Telkomsel,good,
e3372h-320,ID,indosat,Indosat,good,
e3372h-320,ID,xlsmart,XLSMART,good,
e3372h-320,TR,turkcell,Turkcell,good,
e3372h-320,TR,vodafone-tr,Vodafone,good,
e3372h-320,TR,turktelekom,Türk Telekom,good,
e3372h-320,ES,movistar-es,Movistar,good,
e3372h-320,ES,vodafone-es,Vodafone,good,
e3372h-320,ES,masorange-es,MasOrange,good,
e3372h-320,AU,telstra-au,Telstra,good,
e3372h-320,AU,optus-au,Optus,good,
e3372h-320,AU,vodafone-au,Vodafone,limited,B5
e3372h-320,NZ,spark-nz,Spark,good,
e3372h-320,NZ,one-nz,One NZ,good,
e3372h-320,NZ,2degrees-nz,2degrees,good,
usr-g771-e,GB,ee,EE,good,
usr-g771-e,GB,o2,O2,good,
usr-g771-e,GB,vodafone,Vodafone,good,
usr-g771-e,GB,three,Three,good,
usr-g771-e,US,att,AT&T,no,B2 B4 B5 B12 B17
usr-g771-e,US,verizon,Verizon,no,B13
usr-g771-e,US,t-mobile,T-Mobile,no,B2 B12 B66 B71
usr-g771-e,KR,skt,SK Telecom,limited,
usr-g771-e,KR,kt,KT,good,
usr-g771-e,KR,lg-uplus,LG U+,limited,
usr-g771-e,CN,china-mobile,China Mobile,limited,B34 B38 B39 B40
usr-g771-e,CN,china-telecom,China Telecom,limited,
usr-g771-e,CN,china-unicom,China Unicom,good,
usr-g771-e,CN,china-broadnet,China Broadnet,good,
usr-g771-e,JP,ntt-docomo,NTT docomo,limited,
usr-g771-e,JP,kddi,KDDI (au),limited,
usr-g771-e,JP,softbank,SoftBank,good,
usr-g771-e,JP,rakuten,Rakuten Mobile,limited,
usr-g771-e,DE,telekom-de,Deutsche Telekom,good,
usr-g771-e,DE,vodafone-de,Vodafone,good,
usr-g771-e,DE,o2-de,O2 Telefónica,good,
usr-g771-e,FR,orange-fr,Orange,good,
usr-g771-e,FR,sfr,SFR,good,
usr-g771-e,FR,bouygues,Bouygues Telecom,good,
usr-g771-e,FR,free-fr,Free Mobile,good,
usr-g771-e,AE,etisalat,e& (Etisalat),good,
usr-g771-e,AE,du,du,good,
usr-g771-e,SA,stc-sa,stc,good,
usr-g771-e,SA,mobily,Mobily,limited,
usr-g771-e,SA,zain-sa,Zain KSA,good,
usr-g771-e,QA,ooredoo-qa,Ooredoo Qatar,good,
usr-g771-e,QA,vodafone-qa,Vodafone Qatar,good,
usr-g771-e,KW,ooredoo-kw,Ooredoo Kuwait,good,
usr-g771-e,KW,zain-kw,Zain Kuwait,good,
usr-g771-e,KW,stc-kw,stc Kuwait,good,
usr-g771-e,IL,partner-il,Partner,good,
usr-g771-e,IL,hot-il,HOT Mobile,good,
usr-g771-e,IL,cellcom-il,Cellcom,good,
usr-g771-e,IL,pelephone-il,Pelephone,good,
usr-g771-e,CA,rogers-ca,Rogers,limited,B4 B12
usr-g771-e,CA,bell-ca,Bell,limited,B2 B4 B12
usr-g771-e,CA,telus-ca,TELUS,limited,B2 B12 B4
usr-g771-e,IT,tim-it,TIM,good,
usr-g771-e,IT,vodafone-it,Vodafone,good,
usr-g771-e,IT,windtre-it,WindTre,good,
usr-g771-e,IT,iliad-it,Iliad,good,
usr-g771-e,NL,kpn,KPN,good,
usr-g771-e,NL,vodafone-nl,Vodafone,good,
usr-g771-e,NL,odido,Odido,good,
usr-g771-e,PL,orange-pl,Orange,good,
usr-g771-e,PL,tmobile-pl,T-Mobile,good,
usr-g771-e,PL,play-pl,Play,good,
usr-g771-e,PL,plus-pl,Plus,good,
usr-g771-e,MX,telcel,Telcel,limited,B4
usr-g771-e,MX,att-mx,AT&T,no,B2 B4
usr-g771-e,MX,altan,Altán,good,
usr-g771-e,BR,vivo-br,Vivo,good,
usr-g771-e,BR,claro-br,Claro,good,
usr-g771-e,BR,tim-br,TIM,good,
usr-g771-e,IN,jio,Jio,limited,B5
usr-g771-e,IN,airtel,Airtel,limited,B40
usr-g771-e,IN,vi-in,Vi,limited,B40
usr-g771-e,IN,bsnl,BSNL,no,B41
usr-g771-e,SG,singtel,Singtel,good,
usr-g771-e,SG,starhub,StarHub,good,
usr-g771-e,SG,m1,M1,good,
usr-g771-e,SG,simba,SIMBA,limited,B40
usr-g771-e,ID,telkomsel,Telkomsel,good,
usr-g771-e,ID,indosat,Indosat,good,
usr-g771-e,ID,xlsmart,XLSMART,good,
usr-g771-e,TR,turkcell,Turkcell,good,
usr-g771-e,TR,vodafone-tr,Vodafone,good,
usr-g771-e,TR,turktelekom,Türk Telekom,good,
usr-g771-e,ES,movistar-es,Movistar,good,
usr-g771-e,ES,vodafone-es,Vodafone,good,
usr-g771-e,ES,masorange-es,MasOrange,good,
usr-g771-e,AU,telstra-au,Telstra,good,
usr-g771-e,AU,optus-au,Optus,good,
usr-g771-e,AU,vodafone-au,Vodafone,limited,B5
usr-g771-e,NZ,spark-nz,Spark,good,
usr-g771-e,NZ,one-nz,One NZ,good,
usr-g771-e,NZ,2degrees-nz,2degrees,good,
usr-dr154-e,GB,ee,EE,good,
usr-dr154-e,GB,o2,O2,good,
usr-dr154-e,GB,vodafone,Vodafone,good,
usr-dr154-e,GB,three,Three,good,
usr-dr154-e,US,att,AT&T,limited,B2 B4 B12 B17
usr-dr154-e,US,verizon,Verizon,limited,B13
usr-dr154-e,US,t-mobile,T-Mobile,no,B2 B12 B66 B71
usr-dr154-e,KR,skt,SK Telecom,good,
usr-dr154-e,KR,kt,KT,good,
usr-dr154-e,KR,lg-uplus,LG U+,good,
usr-dr154-e,CN,china-mobile,China Mobile,limited,B34 B38 B39 B40
usr-dr154-e,CN,china-telecom,China Telecom,good,
usr-dr154-e,CN,china-unicom,China Unicom,good,
usr-dr154-e,CN,china-broadnet,China Broadnet,good,
usr-dr154-e,JP,ntt-docomo,NTT docomo,good,
usr-dr154-e,JP,kddi,KDDI (au),limited,
usr-dr154-e,JP,softbank,SoftBank,good,
usr-dr154-e,JP,rakuten,Rakuten Mobile,limited,
usr-dr154-e,DE,telekom-de,Deutsche Telekom,good,
usr-dr154-e,DE,vodafone-de,Vodafone,good,
usr-dr154-e,DE,o2-de,O2 Telefónica,good,
usr-dr154-e,FR,orange-fr,Orange,good,
usr-dr154-e,FR,sfr,SFR,good,
usr-dr154-e,FR,bouygues,Bouygues Telecom,good,
usr-dr154-e,FR,free-fr,Free Mobile,good,
usr-dr154-e,AE,etisalat,e& (Etisalat),good,
usr-dr154-e,AE,du,du,good,
usr-dr154-e,SA,stc-sa,stc,good,
usr-dr154-e,SA,mobily,Mobily,limited,
usr-dr154-e,SA,zain-sa,Zain KSA,good,
usr-dr154-e,QA,ooredoo-qa,Ooredoo Qatar,good,
usr-dr154-e,QA,vodafone-qa,Vodafone Qatar,good,
usr-dr154-e,KW,ooredoo-kw,Ooredoo Kuwait,good,
usr-dr154-e,KW,zain-kw,Zain Kuwait,good,
usr-dr154-e,KW,stc-kw,stc Kuwait,good,
usr-dr154-e,IL,partner-il,Partner,good,
usr-dr154-e,IL,hot-il,HOT Mobile,good,
usr-dr154-e,IL,cellcom-il,Cellcom,good,
usr-dr154-e,IL,pelephone-il,Pelephone,good,
usr-dr154-e,CA,rogers-ca,Rogers,limited,B4 B12
usr-dr154-e,CA,bell-ca,Bell,limited,B2 B4 B12
usr-dr154-e,CA,telus-ca,TELUS,limited,B2 B12 B4
usr-dr154-e,IT,tim-it,TIM,good,
usr-dr154-e,IT,vodafone-it,Vodafone,good,
usr-dr154-e,IT,windtre-it,WindTre,good,
usr-dr154-e,IT,iliad-it,Iliad,good,
usr-dr154-e,NL,kpn,KPN,good,
usr-dr154-e,NL,vodafone-nl,Vodafone,good,
usr-dr154-e,NL,odido,Odido,good,
usr-dr154-e,PL,orange-pl,Orange,good,
usr-dr154-e,PL,tmobile-pl,T-Mobile,good,
usr-dr154-e,PL,play-pl,Play,good,
usr-dr154-e,PL,plus-pl,Plus,good,
usr-dr154-e,MX,telcel,Telcel,limited,B4
usr-dr154-e,MX,att-mx,AT&T,no,B2 B4
usr-dr154-e,MX,altan,Altán,good,
usr-dr154-e,BR,vivo-br,Vivo,good,
usr-dr154-e,BR,claro-br,Claro,good,
usr-dr154-e,BR,tim-br,TIM,good,
usr-dr154-e,IN,jio,Jio,good,
usr-dr154-e,IN,airtel,Airtel,limited,B40
usr-dr154-e,IN,vi-in,Vi,limited,B40
usr-dr154-e,IN,bsnl,BSNL,no,B41
usr-dr154-e,SG,singtel,Singtel,good,
usr-dr154-e,SG,starhub,StarHub,good,
usr-dr154-e,SG,m1,M1,good,
usr-dr154-e,SG,simba,SIMBA,limited,B40
usr-dr154-e,ID,telkomsel,Telkomsel,good,
usr-dr154-e,ID,indosat,Indosat,good,
usr-dr154-e,ID,xlsmart,XLSMART,good,
usr-dr154-e,TR,turkcell,Turkcell,good,
usr-dr154-e,TR,vodafone-tr,Vodafone,good,
usr-dr154-e,TR,turktelekom,Türk Telekom,good,
usr-dr154-e,ES,movistar-es,Movistar,good,
usr-dr154-e,ES,vodafone-es,Vodafone,good,
usr-dr154-e,ES,masorange-es,MasOrange,good,
usr-dr154-e,AU,telstra-au,Telstra,good,
usr-dr154-e,AU,optus-au,Optus,good,
usr-dr154-e,AU,vodafone-au,Vodafone,good,
usr-dr154-e,NZ,spark-nz,Spark,good,
usr-dr154-e,NZ,one-nz,One NZ,good,
usr-dr154-e,NZ,2degrees-nz,2degrees,good,
mf833v,GB,ee,EE,good,
mf833v,GB,o2,O2,good,
mf833v,GB,vodafone,Vodafone,good,
mf833v,GB,three,Three,good,
mf833v,US,att,AT&T,good,
mf833v,US,verizon,Verizon,limited,B13
mf833v,US,t-mobile,T-Mobile,limited,B66 B71
mf833v,KR,skt,SK Telecom,good,
mf833v,KR,kt,KT,good,
mf833v,KR,lg-uplus,LG U+,good,
mf833v,CN,china-mobile,China Mobile,limited,B34 B38 B39 B40
mf833v,CN,china-telecom,China Telecom,good,
mf833v,CN,china-unicom,China Unicom,good,
mf833v,CN,china-broadnet,China Broadnet,no,
mf833v,JP,ntt-docomo,NTT docomo,limited,
mf833v,JP,kddi,KDDI (au),limited,
mf833v,JP,softbank,SoftBank,good,
mf833v,JP,rakuten,Rakuten Mobile,limited,
mf833v,DE,telekom-de,Deutsche Telekom,good,
mf833v,DE,vodafone-de,Vodafone,good,
mf833v,DE,o2-de,O2 Telefónica,good,
mf833v,FR,orange-fr,Orange,good,
mf833v,FR,sfr,SFR,good,
mf833v,FR,bouygues,Bouygues Telecom,good,
mf833v,FR,free-fr,Free Mobile,limited,
mf833v,AE,etisalat,e& (Etisalat),good,
mf833v,AE,du,du,good,
mf833v,SA,stc-sa,stc,good,
mf833v,SA,mobily,Mobily,limited,
mf833v,SA,zain-sa,Zain KSA,good,
mf833v,QA,ooredoo-qa,Ooredoo Qatar,good,
mf833v,QA,vodafone-qa,Vodafone Qatar,good,
mf833v,KW,ooredoo-kw,Ooredoo Kuwait,good,
mf833v,KW,zain-kw,Zain Kuwait,good,
mf833v,KW,stc-kw,stc Kuwait,good,
mf833v,IL,partner-il,Partner,limited,
mf833v,IL,hot-il,HOT Mobile,limited,
mf833v,IL,cellcom-il,Cellcom,limited,
mf833v,IL,pelephone-il,Pelephone,limited,
mf833v,CA,rogers-ca,Rogers,good,
mf833v,CA,bell-ca,Bell,good,
mf833v,CA,telus-ca,TELUS,good,
mf833v,IT,tim-it,TIM,good,
mf833v,IT,vodafone-it,Vodafone,good,
mf833v,IT,windtre-it,WindTre,good,
mf833v,IT,iliad-it,Iliad,limited,B28
mf833v,NL,kpn,KPN,good,
mf833v,NL,vodafone-nl,Vodafone,good,
mf833v,NL,odido,Odido,good,
mf833v,PL,orange-pl,Orange,good,
mf833v,PL,tmobile-pl,T-Mobile,good,
mf833v,PL,play-pl,Play,good,
mf833v,PL,plus-pl,Plus,good,
mf833v,MX,telcel,Telcel,good,
mf833v,MX,att-mx,AT&T,good,
mf833v,MX,altan,Altán,no,B28
mf833v,BR,vivo-br,Vivo,limited,B28
mf833v,BR,claro-br,Claro,limited,B28
mf833v,BR,tim-br,TIM,limited,B28
mf833v,IN,jio,Jio,good,
mf833v,IN,airtel,Airtel,limited,B40
mf833v,IN,vi-in,Vi,limited,B40
mf833v,IN,bsnl,BSNL,no,B41
mf833v,SG,singtel,Singtel,good,
mf833v,SG,starhub,StarHub,good,
mf833v,SG,m1,M1,good,
mf833v,SG,simba,SIMBA,limited,B40
mf833v,ID,telkomsel,Telkomsel,good,
mf833v,ID,indosat,Indosat,good,
mf833v,ID,xlsmart,XLSMART,good,
mf833v,TR,turkcell,Turkcell,good,
mf833v,TR,vodafone-tr,Vodafone,good,
mf833v,TR,turktelekom,Türk Telekom,good,
mf833v,ES,movistar-es,Movistar,good,
mf833v,ES,vodafone-es,Vodafone,good,
mf833v,ES,masorange-es,MasOrange,good,
mf833v,AU,telstra-au,Telstra,limited,B28
mf833v,AU,optus-au,Optus,limited,B28
mf833v,AU,vodafone-au,Vodafone,good,
mf833v,NZ,spark-nz,Spark,limited,B28
mf833v,NZ,one-nz,One NZ,limited,B28
mf833v,NZ,2degrees-nz,2degrees,limited,B28
dongle-400,GB,ee,EE,good,
dongle-400,GB,o2,O2,good,
dongle-400,GB,vodafone,Vodafone,good,
dongle-400,GB,three,Three,good,
dongle-400,US,att,AT&T,good,
dongle-400,US,verizon,Verizon,limited,B13
dongle-400,US,t-mobile,T-Mobile,limited,B66 B71
dongle-400,KR,skt,SK Telecom,good,
dongle-400,KR,kt,KT,good,
dongle-400,KR,lg-uplus,LG U+,good,
dongle-400,CN,china-mobile,China Mobile,limited,B34 B38 B39 B40
dongle-400,CN,china-telecom,China Telecom,good,
dongle-400,CN,china-unicom,China Unicom,good,
dongle-400,CN,china-broadnet,China Broadnet,no,
dongle-400,JP,ntt-docomo,NTT docomo,limited,
dongle-400,JP,kddi,KDDI (au),limited,
dongle-400,JP,softbank,SoftBank,good,
dongle-400,JP,rakuten,Rakuten Mobile,limited,
dongle-400,DE,telekom-de,Deutsche Telekom,good,
dongle-400,DE,vodafone-de,Vodafone,good,
dongle-400,DE,o2-de,O2 Telefónica,good,
dongle-400,FR,orange-fr,Orange,good,
dongle-400,FR,sfr,SFR,good,
dongle-400,FR,bouygues,Bouygues Telecom,good,
dongle-400,FR,free-fr,Free Mobile,limited,
dongle-400,AE,etisalat,e& (Etisalat),good,
dongle-400,AE,du,du,good,
dongle-400,SA,stc-sa,stc,good,
dongle-400,SA,mobily,Mobily,limited,
dongle-400,SA,zain-sa,Zain KSA,good,
dongle-400,QA,ooredoo-qa,Ooredoo Qatar,good,
dongle-400,QA,vodafone-qa,Vodafone Qatar,good,
dongle-400,KW,ooredoo-kw,Ooredoo Kuwait,good,
dongle-400,KW,zain-kw,Zain Kuwait,good,
dongle-400,KW,stc-kw,stc Kuwait,good,
dongle-400,IL,partner-il,Partner,limited,
dongle-400,IL,hot-il,HOT Mobile,limited,
dongle-400,IL,cellcom-il,Cellcom,limited,
dongle-400,IL,pelephone-il,Pelephone,limited,
dongle-400,CA,rogers-ca,Rogers,good,
dongle-400,CA,bell-ca,Bell,good,
dongle-400,CA,telus-ca,TELUS,good,
dongle-400,IT,tim-it,TIM,good,
dongle-400,IT,vodafone-it,Vodafone,good,
dongle-400,IT,windtre-it,WindTre,good,
dongle-400,IT,iliad-it,Iliad,limited,B28
dongle-400,NL,kpn,KPN,good,
dongle-400,NL,vodafone-nl,Vodafone,good,
dongle-400,NL,odido,Odido,good,
dongle-400,PL,orange-pl,Orange,good,
dongle-400,PL,tmobile-pl,T-Mobile,good,
dongle-400,PL,play-pl,Play,good,
dongle-400,PL,plus-pl,Plus,good,
dongle-400,MX,telcel,Telcel,good,
dongle-400,MX,att-mx,AT&T,good,
dongle-400,MX,altan,Altán,no,B28
dongle-400,BR,vivo-br,Vivo,limited,B28
dongle-400,BR,claro-br,Claro,limited,B28
dongle-400,BR,tim-br,TIM,limited,B28
dongle-400,IN,jio,Jio,good,
dongle-400,IN,airtel,Airtel,limited,B40
dongle-400,IN,vi-in,Vi,limited,B40
dongle-400,IN,bsnl,BSNL,no,B41
dongle-400,SG,singtel,Singtel,good,
dongle-400,SG,starhub,StarHub,good,
dongle-400,SG,m1,M1,good,
dongle-400,SG,simba,SIMBA,limited,B40
dongle-400,ID,telkomsel,Telkomsel,good,
dongle-400,ID,indosat,Indosat,good,
dongle-400,ID,xlsmart,XLSMART,good,
dongle-400,TR,turkcell,Turkcell,good,
dongle-400,TR,vodafone-tr,Vodafone,good,
dongle-400,TR,turktelekom,Türk Telekom,good,
dongle-400,ES,movistar-es,Movistar,good,
dongle-400,ES,vodafone-es,Vodafone,good,
dongle-400,ES,masorange-es,MasOrange,good,
dongle-400,AU,telstra-au,Telstra,limited,B28
dongle-400,AU,optus-au,Optus,limited,B28
dongle-400,AU,vodafone-au,Vodafone,good,
dongle-400,NZ,spark-nz,Spark,limited,B28
dongle-400,NZ,one-nz,One NZ,limited,B28
dongle-400,NZ,2degrees-nz,2degrees,limited,B28
f40,GB,ee,EE,limited,B7 B20
f40,GB,o2,O2,limited,B20
f40,GB,vodafone,Vodafone,limited,B7 B20
f40,GB,three,Three,limited,B20
f40,US,att,AT&T,good,B2 B4 B12 B17
f40,US,verizon,Verizon,limited,B13
f40,US,t-mobile,T-Mobile,good,B2 B12 B66 B71
f40,KR,skt,SK Telecom,good,
f40,KR,kt,KT,good,
f40,KR,lg-uplus,LG U+,good,
f40,CN,china-mobile,China Mobile,good,
f40,CN,china-telecom,China Telecom,good,
f40,CN,china-unicom,China Unicom,good,
f40,CN,china-broadnet,China Broadnet,good,
f40,JP,ntt-docomo,NTT docomo,good,
f40,JP,kddi,KDDI (au),limited,
f40,JP,softbank,SoftBank,good,
f40,JP,rakuten,Rakuten Mobile,limited,
f40,DE,telekom-de,Deutsche Telekom,good,
f40,DE,vodafone-de,Vodafone,good,
f40,DE,o2-de,O2 Telefónica,good,
f40,FR,orange-fr,Orange,limited,
f40,FR,sfr,SFR,limited,
f40,FR,bouygues,Bouygues Telecom,limited,
f40,FR,free-fr,Free Mobile,good,
f40,AE,etisalat,e& (Etisalat),good,
f40,AE,du,du,limited,
f40,SA,stc-sa,stc,good,
f40,SA,mobily,Mobily,good,
f40,SA,zain-sa,Zain KSA,good,
f40,QA,ooredoo-qa,Ooredoo Qatar,limited,
f40,QA,vodafone-qa,Vodafone Qatar,limited,
f40,KW,ooredoo-kw,Ooredoo Kuwait,limited,
f40,KW,zain-kw,Zain Kuwait,good,
f40,KW,stc-kw,stc Kuwait,good,
f40,IL,partner-il,Partner,good,
f40,IL,hot-il,HOT Mobile,good,
f40,IL,cellcom-il,Cellcom,good,
f40,IL,pelephone-il,Pelephone,good,
f40,CA,rogers-ca,Rogers,no,B4 B12
f40,CA,bell-ca,Bell,limited,B2 B4 B12
f40,CA,telus-ca,TELUS,limited,B2 B12 B4
f40,IT,tim-it,TIM,limited,B20
f40,IT,vodafone-it,Vodafone,limited,B20
f40,IT,windtre-it,WindTre,limited,B20
f40,IT,iliad-it,Iliad,good,
f40,NL,kpn,KPN,limited,B20
f40,NL,vodafone-nl,Vodafone,limited,B20
f40,NL,odido,Odido,limited,B20
f40,PL,orange-pl,Orange,limited,B20
f40,PL,tmobile-pl,T-Mobile,limited,B20
f40,PL,play-pl,Play,limited,B20
f40,PL,plus-pl,Plus,limited,B7
f40,MX,telcel,Telcel,no,B4
f40,MX,att-mx,AT&T,no,B2 B4
f40,MX,altan,Altán,good,
f40,BR,vivo-br,Vivo,good,
f40,BR,claro-br,Claro,good,
f40,BR,tim-br,TIM,good,
f40,IN,jio,Jio,good,
f40,IN,airtel,Airtel,good,
f40,IN,vi-in,Vi,good,
f40,IN,bsnl,BSNL,good,
f40,SG,singtel,Singtel,good,
f40,SG,starhub,StarHub,good,
f40,SG,m1,M1,limited,
f40,SG,simba,SIMBA,good,
f40,ID,telkomsel,Telkomsel,good,
f40,ID,indosat,Indosat,good,
f40,ID,xlsmart,XLSMART,good,
f40,TR,turkcell,Turkcell,limited,B20
f40,TR,vodafone-tr,Vodafone,limited,B20
f40,TR,turktelekom,Türk Telekom,limited,B20
f40,ES,movistar-es,Movistar,limited,B20
f40,ES,vodafone-es,Vodafone,limited,B20
f40,ES,masorange-es,MasOrange,good,B20
f40,AU,telstra-au,Telstra,good,
f40,AU,optus-au,Optus,good,
f40,AU,vodafone-au,Vodafone,good,
f40,NZ,spark-nz,Spark,good,
f40,NZ,one-nz,One NZ,good,
f40,NZ,2degrees-nz,2degrees,good,
