country,operator_id,tech,band,layer,confidence,main_band,sources
GB,ee,LTE,B3,capacity,x,yes,hn-uk;kimovil-gb
GB,ee,LTE,B7,capacity,x,yes,hn-uk;kimovil-gb
GB,ee,LTE,B20,coverage,x,yes,hn-uk;kimovil-gb
GB,ee,LTE,B1,capacity,x,,hn-uk;kimovil-gb
GB,ee,LTE,B38,capacity,s,,hn-uk
GB,ee,LTE,B28,coverage,s,,kimovil-gb
GB,ee,NR,n78,capacity,s,,kimovil-gb
GB,ee,NR,n28,coverage,s,,kimovil-gb
GB,ee,NR,n1,capacity,s,,kimovil-gb
GB,ee,NR,n3,capacity,s,,kimovil-gb
GB,ee,NR,n7,capacity,s,,kimovil-gb
GB,o2,LTE,B20,coverage,x,yes,hn-uk;kimovil-gb
GB,o2,LTE,B1,capacity,x,,hn-uk;kimovil-gb
GB,o2,LTE,B3,capacity,x,,hn-uk;kimovil-gb
GB,o2,LTE,B40,capacity,x,,hn-uk;kimovil-gb
GB,o2,LTE,B8,coverage,s,,hn-uk
GB,o2,LTE,B38,capacity,s,,kimovil-gb
GB,o2,LTE,B28,coverage,s,,kimovil-gb
GB,o2,NR,n78,capacity,s,,kimovil-gb
GB,o2,NR,n28,coverage,s,,kimovil-gb
GB,o2,NR,n1,capacity,s,,kimovil-gb
GB,o2,NR,n8,coverage,s,,kimovil-gb
GB,o2,NR,n38,capacity,s,,kimovil-gb
GB,vodafone,LTE,B7,capacity,x,yes,hn-uk;kimovil-gb
GB,vodafone,LTE,B20,coverage,x,yes,hn-uk;kimovil-gb
GB,vodafone,LTE,B1,capacity,x,,hn-uk;kimovil-gb
GB,vodafone,LTE,B8,coverage,x,,hn-uk;kimovil-gb
GB,vodafone,LTE,B32,capacity,x,,hn-uk;kimovil-gb
GB,vodafone,LTE,B38,capacity,x,,hn-uk;kimovil-gb
GB,vodafone,LTE,B3,capacity,s,,hn-uk
GB,vodafone,NR,n78,capacity,s,,kimovil-gb
GB,vodafone,NR,n1,capacity,s,,kimovil-gb
GB,vodafone,NR,n3,capacity,s,,kimovil-gb
GB,vodafone,NR,n7,capacity,s,,kimovil-gb
GB,vodafone,NR,n8,coverage,s,,kimovil-gb
GB,three,LTE,B20,coverage,x,yes,hn-uk;kimovil-gb
GB,three,LTE,B1,capacity,x,,hn-uk;kimovil-gb
GB,three,LTE,B32,capacity,x,,hn-uk;kimovil-gb
GB,three,LTE,B3,capacity,s,yes,hn-uk
GB,three,LTE,B28,coverage,s,,kimovil-gb
GB,three,NR,n78,capacity,s,,kimovil-gb
GB,three,NR,n77,capacity,s,,kimovil-gb
GB,three,NR,n28,coverage,s,,kimovil-gb
GB,three,NR,n1,capacity,s,,kimovil-gb
US,att,LTE,B2,capacity,x,yes,hn-us;kimovil-us
US,att,LTE,B4,capacity,x,yes,hn-us;kimovil-us
US,att,LTE,B5,coverage,x,yes,hn-us;kimovil-us
US,att,LTE,B12,coverage,x,yes,hn-us;kimovil-us
US,att,LTE,B17,coverage,x,yes,hn-us;kimovil-us
US,att,LTE,B30,capacity,x,,kimovil-us;wiki-lte
US,att,LTE,B66,capacity,x,,kimovil-us;wiki-lte
US,att,LTE,B14,coverage,s,,wiki-lte
US,att,LTE,B29,coverage,s,,wiki-lte
US,att,NR,n5,coverage,x,,kimovil-us;cellmapper-na
US,att,NR,n77,capacity,x,,kimovil-us;cellmapper-na
US,att,NR,n260,capacity,x,,kimovil-us;cellmapper-na
US,att,NR,n2,capacity,s,,kimovil-us
US,att,NR,n66,capacity,s,,kimovil-us
US,verizon,LTE,B13,coverage,x,yes,hn-us;cellmapper-na;wiki-lte
US,verizon,LTE,B2,capacity,x,,cellmapper-na;kimovil-us
US,verizon,LTE,B4,capacity,x,,cellmapper-na;kimovil-us
US,verizon,LTE,B5,coverage,x,,cellmapper-na;kimovil-us
US,verizon,LTE,B66,capacity,x,,cellmapper-na;kimovil-us
US,verizon,LTE,B48,capacity,x,,cellmapper-na;kimovil-us
US,verizon,LTE,B46,capacity,x,,cellmapper-na;wiki-lte
US,verizon,NR,n77,capacity,x,,cellmapper-na;kimovil-us
US,verizon,NR,n261,capacity,x,,cellmapper-na;kimovil-us
US,verizon,NR,n260,capacity,x,,cellmapper-na;kimovil-us
US,verizon,NR,n5,coverage,x,,cellmapper-na;kimovil-us
US,verizon,NR,n2,capacity,x,,cellmapper-na;kimovil-us
US,verizon,NR,n66,capacity,x,,cellmapper-na;kimovil-us
US,t-mobile,LTE,B2,capacity,x,yes,hn-us;kimovil-us
US,t-mobile,LTE,B4,capacity,x,,hn-us;kimovil-us
US,t-mobile,LTE,B12,coverage,x,yes,hn-us;kimovil-us
US,t-mobile,LTE,B66,capacity,x,yes,hn-us;kimovil-us
US,t-mobile,LTE,B71,coverage,x,yes,hn-us;kimovil-us
US,t-mobile,LTE,B41,capacity,x,,kimovil-us;wiki-lte
US,t-mobile,LTE,B5,coverage,s,,kimovil-us
US,t-mobile,LTE,B25,capacity,s,,wiki-lte
US,t-mobile,NR,n71,coverage,x,,kimovil-us;cellmapper-na
US,t-mobile,NR,n41,capacity,x,,kimovil-us;cellmapper-na
US,t-mobile,NR,n25,capacity,x,,kimovil-us;cellmapper-na
US,t-mobile,NR,n258,capacity,s,,kimovil-us
US,t-mobile,NR,n260,capacity,s,,kimovil-us
US,t-mobile,NR,n261,capacity,s,,kimovil-us
US,t-mobile,NR,n77,capacity,s,,kimovil-us
US,t-mobile,NR,n66,capacity,s,,kimovil-us
US,t-mobile,NR,n2,capacity,s,,kimovil-us
KR,skt,LTE,B1,capacity,x,,hn-kr
KR,skt,LTE,B3,capacity,x,,hn-kr
KR,skt,LTE,B7,capacity,x,,hn-kr
KR,skt,LTE,B5,coverage,x,,hn-kr;wiki-lte
KR,skt,NR,n78,capacity,x,,cms-kr
KR,kt,LTE,B1,capacity,x,,hn-kr
KR,kt,LTE,B3,capacity,x,,hn-kr
KR,kt,LTE,B8,coverage,x,,hn-kr
KR,kt,NR,n78,capacity,x,,cms-kr
KR,lg-uplus,LTE,B1,capacity,x,,hn-kr
KR,lg-uplus,LTE,B7,capacity,x,,hn-kr
KR,lg-uplus,LTE,B5,coverage,x,,hn-kr;wiki-lte
KR,lg-uplus,NR,n78,capacity,x,,cms-kr
CN,china-mobile,LTE,B3,capacity,x,,hn-cn;aode8;csdn-cn
CN,china-mobile,LTE,B8,coverage,x,,hn-cn;aode8;csdn-cn
CN,china-mobile,LTE,B34,capacity,x,yes,hn-cn;aode8;csdn-cn
CN,china-mobile,LTE,B38,capacity,x,yes,hn-cn;aode8;csdn-cn
CN,china-mobile,LTE,B39,capacity,x,yes,hn-cn;aode8;csdn-cn
CN,china-mobile,LTE,B40,capacity,x,yes,hn-cn;aode8;csdn-cn
CN,china-mobile,NR,n41,capacity,x,,hn-cn;aode8
CN,china-mobile,NR,n28,coverage,x,,hn-cn;aode8
CN,china-mobile,NR,n79,capacity,x,,hn-cn;aode8
CN,china-mobile,NR,n8,coverage,s,,hn-cn
CN,china-telecom,LTE,B1,capacity,x,,hn-cn;aode8;csdn-cn
CN,china-telecom,LTE,B3,capacity,x,,hn-cn;aode8;csdn-cn
CN,china-telecom,LTE,B5,coverage,x,,hn-cn;aode8;csdn-cn
CN,china-telecom,LTE,B40,capacity,x,,hn-cn;aode8;csdn-cn
CN,china-telecom,LTE,B41,capacity,x,,hn-cn;aode8;csdn-cn
CN,china-telecom,NR,n78,capacity,x,,hn-cn;aode8
CN,china-telecom,NR,n1,capacity,x,,hn-cn;aode8
CN,china-unicom,LTE,B1,capacity,x,,hn-cn;aode8;csdn-cn
CN,china-unicom,LTE,B3,capacity,x,,hn-cn;aode8;csdn-cn
CN,china-unicom,LTE,B8,coverage,x,,hn-cn;aode8;csdn-cn
CN,china-unicom,LTE,B40,capacity,x,,hn-cn;aode8;csdn-cn
CN,china-unicom,LTE,B41,capacity,x,,hn-cn;aode8;csdn-cn
CN,china-unicom,NR,n78,capacity,x,,hn-cn;aode8
CN,china-unicom,NR,n1,capacity,x,,hn-cn;aode8
CN,china-broadnet,LTE,B28,coverage,x,,hn-cn;aode8
CN,china-broadnet,NR,n28,coverage,x,,hn-cn;aode8
CN,china-broadnet,NR,n79,capacity,x,,hn-cn;aode8
JP,ntt-docomo,LTE,B1,capacity,x,,kimovil-jp;freqcheck-jp
JP,ntt-docomo,LTE,B3,capacity,x,,kimovil-jp;freqcheck-jp
JP,ntt-docomo,LTE,B19,coverage,x,,kimovil-jp;freqcheck-jp
JP,ntt-docomo,LTE,B21,capacity,x,,kimovil-jp;freqcheck-jp
JP,ntt-docomo,LTE,B28,coverage,x,,kimovil-jp;freqcheck-jp
JP,ntt-docomo,LTE,B42,capacity,x,,kimovil-jp;freqcheck-jp
JP,ntt-docomo,NR,n78,capacity,x,,kimovil-jp;docomo-sa
JP,ntt-docomo,NR,n79,capacity,x,,kimovil-jp;docomo-sa
JP,ntt-docomo,NR,n1,capacity,s,,kimovil-jp
JP,ntt-docomo,NR,n28,coverage,s,,kimovil-jp
JP,ntt-docomo,NR,n257,capacity,s,,kimovil-jp
JP,kddi,LTE,B1,capacity,x,,kimovil-jp;freqcheck-jp
JP,kddi,LTE,B3,capacity,x,,kimovil-jp;freqcheck-jp
JP,kddi,LTE,B11,capacity,x,,kimovil-jp;freqcheck-jp
JP,kddi,LTE,B18,coverage,x,,kimovil-jp;freqcheck-jp
JP,kddi,LTE,B26,coverage,x,,kimovil-jp;freqcheck-jp
JP,kddi,LTE,B28,coverage,x,,kimovil-jp;freqcheck-jp
JP,kddi,LTE,B41,capacity,x,,kimovil-jp;freqcheck-jp
JP,kddi,LTE,B42,capacity,x,,kimovil-jp;freqcheck-jp
JP,kddi,NR,n3,capacity,s,,kimovil-jp
JP,kddi,NR,n28,coverage,s,,kimovil-jp
JP,kddi,NR,n40,capacity,s,,kimovil-jp
JP,kddi,NR,n41,capacity,s,,kimovil-jp
JP,kddi,NR,n77,capacity,s,,kimovil-jp
JP,kddi,NR,n78,capacity,s,,kimovil-jp
JP,kddi,NR,n257,capacity,s,,kimovil-jp
JP,softbank,LTE,B1,capacity,x,,kimovil-jp;freqcheck-jp
JP,softbank,LTE,B3,capacity,x,,kimovil-jp;freqcheck-jp
JP,softbank,LTE,B8,coverage,x,,kimovil-jp;freqcheck-jp
JP,softbank,LTE,B11,capacity,s,,kimovil-jp
JP,softbank,LTE,B28,coverage,s,,kimovil-jp
JP,softbank,LTE,B41,capacity,s,,kimovil-jp
JP,softbank,LTE,B42,capacity,s,,kimovil-jp
JP,softbank,NR,n1,capacity,s,,kimovil-jp
JP,softbank,NR,n3,capacity,s,,kimovil-jp
JP,softbank,NR,n28,coverage,s,,kimovil-jp
JP,softbank,NR,n41,capacity,s,,kimovil-jp
JP,softbank,NR,n77,capacity,s,,kimovil-jp
JP,softbank,NR,n257,capacity,s,,kimovil-jp
JP,rakuten,LTE,B3,capacity,x,,kimovil-jp;itmedia-rakuten
JP,rakuten,LTE,B28,coverage,x,,kimovil-jp;appllio-rakuten
JP,rakuten,LTE,B18,coverage,x,,kimovil-jp;president-rakuten
JP,rakuten,LTE,B26,coverage,x,,kimovil-jp;president-rakuten
JP,rakuten,NR,n77,capacity,s,,kimovil-jp
JP,rakuten,NR,n257,capacity,s,,kimovil-jp
DE,telekom-de,LTE,B1,capacity,x,,kimovil-de;fierce-dt-sa
DE,telekom-de,LTE,B3,capacity,x,,kimovil-de;insidedigital-de;teltarif-lte800
DE,telekom-de,LTE,B8,coverage,x,,kimovil-de;insidedigital-de;teltarif-lte800
DE,telekom-de,LTE,B20,coverage,x,,kimovil-de;insidedigital-de;teltarif-lte800
DE,telekom-de,LTE,B28,coverage,x,,kimovil-de;lteanbieter-auction
DE,telekom-de,LTE,B7,capacity,s,,kimovil-de
DE,telekom-de,LTE,B32,capacity,s,,kimovil-de
DE,telekom-de,NR,n1,capacity,x,,kimovil-de;fierce-dt-sa
DE,telekom-de,NR,n78,capacity,x,,kimovil-de;fierce-dt-sa
DE,telekom-de,NR,n3,capacity,s,,kimovil-de
DE,telekom-de,NR,n28,coverage,s,,kimovil-de
DE,vodafone-de,LTE,B1,capacity,x,,kimovil-de;techbook-3g
DE,vodafone-de,LTE,B3,capacity,x,,kimovil-de;insidedigital-de;teltarif-lte800
DE,vodafone-de,LTE,B7,capacity,x,,kimovil-de;insidedigital-de;teltarif-lte800
DE,vodafone-de,LTE,B8,coverage,x,,kimovil-de;insidedigital-de;teltarif-lte800
DE,vodafone-de,LTE,B20,coverage,x,,kimovil-de;insidedigital-de;teltarif-lte800
DE,vodafone-de,LTE,B28,coverage,x,,kimovil-de;lteanbieter-auction
DE,vodafone-de,LTE,B32,capacity,s,,kimovil-de
DE,vodafone-de,LTE,B38,capacity,s,,kimovil-de
DE,vodafone-de,NR,n1,capacity,s,,kimovil-de
DE,vodafone-de,NR,n3,capacity,s,,kimovil-de
DE,vodafone-de,NR,n28,coverage,s,,kimovil-de
DE,vodafone-de,NR,n78,capacity,s,,kimovil-de
DE,o2-de,LTE,B1,capacity,x,,kimovil-de;mobiflip-o2-3g
DE,o2-de,LTE,B3,capacity,x,,kimovil-de;insidedigital-de;teltarif-lte800
DE,o2-de,LTE,B8,coverage,x,,kimovil-de;insidedigital-de;teltarif-lte800
DE,o2-de,LTE,B20,coverage,x,,kimovil-de;insidedigital-de;teltarif-lte800
DE,o2-de,LTE,B28,coverage,x,,kimovil-de;lteanbieter-auction
DE,o2-de,LTE,B7,capacity,s,,kimovil-de
DE,o2-de,NR,n28,coverage,x,,kimovil-de;fierce-o2-sa
DE,o2-de,NR,n78,capacity,x,,kimovil-de;fierce-o2-sa
DE,o2-de,NR,n1,capacity,s,,kimovil-de
DE,o2-de,NR,n3,capacity,s,,fierce-o2-sa
FR,orange-fr,LTE,B1,capacity,x,,kimovil-fr;selectra-fr
FR,orange-fr,LTE,B3,capacity,x,,kimovil-fr;selectra-fr
FR,orange-fr,LTE,B7,capacity,x,,kimovil-fr;selectra-fr
FR,orange-fr,LTE,B20,coverage,x,,kimovil-fr;selectra-fr
FR,orange-fr,LTE,B28,coverage,x,,kimovil-fr;nextink-700
FR,orange-fr,NR,n1,capacity,x,,kimovil-fr;anfr-2403
FR,orange-fr,NR,n28,coverage,x,,kimovil-fr;anfr-2403
FR,orange-fr,NR,n78,capacity,x,,kimovil-fr;anfr-2403
FR,sfr,LTE,B1,capacity,x,,kimovil-fr;selectra-fr
FR,sfr,LTE,B3,capacity,x,,kimovil-fr;selectra-fr
FR,sfr,LTE,B7,capacity,x,,kimovil-fr;selectra-fr
FR,sfr,LTE,B20,coverage,x,,kimovil-fr;selectra-fr
FR,sfr,LTE,B28,coverage,x,,kimovil-fr;nextink-700
FR,sfr,NR,n1,capacity,x,,kimovil-fr;anfr-2403
FR,sfr,NR,n78,capacity,x,,kimovil-fr;anfr-2403
FR,bouygues,LTE,B1,capacity,x,,kimovil-fr;selectra-fr
FR,bouygues,LTE,B3,capacity,x,,kimovil-fr;selectra-fr
FR,bouygues,LTE,B7,capacity,x,,kimovil-fr;selectra-fr
FR,bouygues,LTE,B20,coverage,x,,kimovil-fr;selectra-fr
FR,bouygues,LTE,B28,coverage,x,,kimovil-fr;selectra-fr
FR,bouygues,NR,n1,capacity,x,,kimovil-fr;anfr-2403
FR,bouygues,NR,n78,capacity,x,,kimovil-fr;anfr-2403
FR,free-fr,LTE,B3,capacity,x,,kimovil-fr;freenews-bands;selectra-fr
FR,free-fr,LTE,B7,capacity,x,,kimovil-fr;freenews-bands;selectra-fr
FR,free-fr,LTE,B28,coverage,x,,kimovil-fr;freenews-bands;selectra-fr
FR,free-fr,LTE,B8,coverage,s,,kimovil-fr
FR,free-fr,NR,n28,coverage,x,,kimovil-fr;anfr-2403
FR,free-fr,NR,n78,capacity,x,,kimovil-fr;anfr-2403
AE,etisalat,LTE,B3,capacity,x,,kimovil-ae;powertec-eand;devicebeast-eand
AE,etisalat,LTE,B7,capacity,x,,kimovil-ae;powertec-eand
AE,etisalat,LTE,B20,coverage,x,,powertec-eand;capacity-eand;devicebeast-eand
AE,etisalat,NR,n78,capacity,x,,kimovil-ae;devicebeast-eand
AE,du,LTE,B3,capacity,x,,kimovil-ae;wiki-du;powertec-du
AE,du,LTE,B20,coverage,x,,kimovil-ae;wiki-du;powertec-du
AE,du,LTE,B1,capacity,s,,kimovil-ae
AE,du,NR,n78,capacity,x,,kimovil-ae;operatorwatch-ae
SA,stc-sa,LTE,B1,capacity,x,,kimovil-sa;powertec-stc
SA,stc-sa,LTE,B3,capacity,x,,kimovil-sa;powertec-stc
SA,stc-sa,LTE,B40,capacity,x,,kimovil-sa;powertec-stc;argaam-sa
SA,stc-sa,LTE,B8,coverage,s,,powertec-stc
SA,stc-sa,LTE,B28,coverage,s,,powertec-stc
SA,stc-sa,NR,n78,capacity,x,,kimovil-sa;powertec-stc
SA,stc-sa,NR,n28,coverage,x,,kimovil-sa;satpro-stc
SA,stc-sa,NR,n1,capacity,s,,kimovil-sa
SA,stc-sa,NR,n3,capacity,s,,kimovil-sa
SA,stc-sa,NR,n8,coverage,s,,kimovil-sa
SA,stc-sa,NR,n40,capacity,s,,kimovil-sa
SA,stc-sa,NR,n77,capacity,s,,kimovil-sa
SA,stc-sa,NR,n71,coverage,s,,eme-stc
SA,mobily,LTE,B3,capacity,x,,kimovil-sa;powertec-mobily
SA,mobily,LTE,B38,capacity,x,,kimovil-sa;powertec-mobily
SA,mobily,LTE,B20,coverage,s,,kimovil-sa
SA,mobily,LTE,B41,capacity,s,,kimovil-sa
SA,mobily,NR,n1,capacity,s,,kimovil-sa
SA,mobily,NR,n3,capacity,s,,kimovil-sa
SA,mobily,NR,n8,coverage,s,,kimovil-sa
SA,mobily,NR,n20,coverage,s,,kimovil-sa
SA,mobily,NR,n78,capacity,s,,kimovil-sa
SA,zain-sa,LTE,B1,capacity,x,,kimovil-sa;powertec-zain;rcr-zain
SA,zain-sa,LTE,B3,capacity,x,,kimovil-sa;powertec-zain;rcr-zain
SA,zain-sa,LTE,B8,coverage,x,,kimovil-sa;powertec-zain
SA,zain-sa,LTE,B38,capacity,x,,kimovil-sa;powertec-zain
SA,zain-sa,LTE,B20,coverage,s,,kimovil-sa
SA,zain-sa,NR,n1,capacity,s,,kimovil-sa
SA,zain-sa,NR,n3,capacity,s,,kimovil-sa
SA,zain-sa,NR,n8,coverage,s,,kimovil-sa
SA,zain-sa,NR,n20,coverage,s,,kimovil-sa
SA,zain-sa,NR,n41,capacity,s,,kimovil-sa
SA,zain-sa,NR,n78,capacity,s,,kimovil-sa
QA,ooredoo-qa,LTE,B3,capacity,x,,kimovil-qa;powertec-ooredoo-qa
QA,ooredoo-qa,LTE,B7,capacity,x,,kimovil-qa;powertec-ooredoo-qa
QA,ooredoo-qa,LTE,B20,coverage,x,,kimovil-qa;powertec-ooredoo-qa
QA,ooredoo-qa,NR,n78,capacity,x,,kimovil-qa;powertec-ooredoo-qa
QA,vodafone-qa,LTE,B3,capacity,x,,kimovil-qa;powertec-vodafone-qa
QA,vodafone-qa,LTE,B7,capacity,x,,kimovil-qa;powertec-vodafone-qa
QA,vodafone-qa,LTE,B20,coverage,x,,kimovil-qa;powertec-vodafone-qa
QA,vodafone-qa,NR,n78,capacity,x,,kimovil-qa;powertec-vodafone-qa
KW,ooredoo-kw,LTE,B3,capacity,x,,kimovil-kw;powertec-ooredoo-kw
KW,ooredoo-kw,LTE,B20,coverage,x,,kimovil-kw;powertec-ooredoo-kw
KW,ooredoo-kw,LTE,B7,capacity,s,,kimovil-kw
KW,ooredoo-kw,NR,n78,capacity,x,,kimovil-kw;powertec-ooredoo-kw
KW,zain-kw,LTE,B3,capacity,x,,kimovil-kw;obg-kw
KW,zain-kw,LTE,B7,capacity,s,,kimovil-kw
KW,zain-kw,LTE,B20,coverage,s,,prepaid-kw
KW,zain-kw,NR,n78,capacity,s,,kimovil-kw
KW,stc-kw,LTE,B3,capacity,x,,kimovil-kw;obg-kw
KW,stc-kw,LTE,B7,capacity,s,,kimovil-kw
KW,stc-kw,LTE,B20,coverage,s,,prepaid-kw
KW,stc-kw,NR,n1,capacity,s,,kimovil-kw
KW,stc-kw,NR,n78,capacity,s,,kimovil-kw
IL,partner-il,LTE,B3,capacity,x,,kimovil-il;fierce-il
IL,partner-il,LTE,B28,coverage,x,,kimovil-il;partner-5g
IL,partner-il,LTE,B7,capacity,s,,kimovil-il
IL,partner-il,LTE,B32,capacity,s,,kimovil-il
IL,partner-il,NR,n28,coverage,x,,kimovil-il;partner-5g
IL,partner-il,NR,n78,capacity,x,,kimovil-il;partner-5g
IL,hot-il,LTE,B3,capacity,x,,kimovil-il;capacity-il
IL,hot-il,LTE,B28,coverage,x,,kimovil-il;partner-5g
IL,hot-il,LTE,B1,capacity,s,,kimovil-il
IL,hot-il,LTE,B7,capacity,s,,kimovil-il
IL,hot-il,LTE,B32,capacity,s,,kimovil-il
IL,hot-il,NR,n28,coverage,x,,kimovil-il;partner-5g
IL,hot-il,NR,n78,capacity,x,,kimovil-il;partner-5g
IL,cellcom-il,LTE,B3,capacity,x,,kimovil-il;fierce-il
IL,cellcom-il,LTE,B28,coverage,x,,kimovil-il;telecompaper-il
IL,cellcom-il,LTE,B7,capacity,s,,kimovil-il
IL,cellcom-il,NR,n78,capacity,x,,kimovil-il;telecompaper-il
IL,pelephone-il,LTE,B3,capacity,x,,kimovil-il;fierce-il
IL,pelephone-il,LTE,B28,coverage,x,,kimovil-il;telecompaper-il
IL,pelephone-il,LTE,B5,coverage,s,,kimovil-il
IL,pelephone-il,LTE,B7,capacity,s,,kimovil-il
IL,pelephone-il,NR,n78,capacity,x,,kimovil-il;telecompaper-il
CA,rogers-ca,LTE,B4,capacity,x,yes,kimovil-ca;cellmapper-na
CA,rogers-ca,LTE,B12,coverage,x,yes,kimovil-ca;cellmapper-na
CA,rogers-ca,LTE,B7,capacity,x,,kimovil-ca;onesdr-ca
CA,rogers-ca,LTE,B17,coverage,x,,onesdr-ca;cellmapper-na
CA,rogers-ca,LTE,B66,capacity,x,,kimovil-ca;cellmapper-na
CA,rogers-ca,LTE,B5,coverage,s,,kimovil-ca
CA,rogers-ca,LTE,B13,coverage,s,,kimovil-ca
CA,rogers-ca,LTE,B71,coverage,s,,cellmapper-na
CA,rogers-ca,NR,n66,capacity,x,,kimovil-ca;cellmapper-na
CA,rogers-ca,NR,n71,coverage,x,,kimovil-ca;cellmapper-na
CA,rogers-ca,NR,n78,capacity,x,,kimovil-ca;cellmapper-na
CA,rogers-ca,NR,n41,capacity,x,,kimovil-ca;onesdr-ca
CA,bell-ca,LTE,B2,capacity,x,yes,kimovil-ca;onesdr-ca
CA,bell-ca,LTE,B4,capacity,x,yes,kimovil-ca;onesdr-ca
CA,bell-ca,LTE,B5,coverage,x,,kimovil-ca;onesdr-ca
CA,bell-ca,LTE,B7,capacity,x,,kimovil-ca;onesdr-ca
CA,bell-ca,LTE,B12,coverage,x,yes,kimovil-ca;onesdr-ca
CA,bell-ca,LTE,B13,coverage,x,,kimovil-ca;onesdr-ca
CA,bell-ca,LTE,B17,coverage,x,,kimovil-ca;onesdr-ca
CA,bell-ca,LTE,B66,capacity,x,,kimovil-ca;cellmapper-na
CA,bell-ca,LTE,B29,coverage,x,,onesdr-ca;cellmapper-na
CA,bell-ca,LTE,B71,coverage,s,,cellmapper-na
CA,bell-ca,NR,n66,capacity,x,,onesdr-ca;cellmapper-na
CA,bell-ca,NR,n71,coverage,x,,onesdr-ca;cellmapper-na
CA,bell-ca,NR,n78,capacity,x,,onesdr-ca;cellmapper-na
CA,telus-ca,LTE,B2,capacity,x,yes,kimovil-ca;pm-ca
CA,telus-ca,LTE,B5,coverage,x,,kimovil-ca;pm-ca
CA,telus-ca,LTE,B12,coverage,x,yes,kimovil-ca;pm-ca
CA,telus-ca,LTE,B13,coverage,x,,kimovil-ca;pm-ca
CA,telus-ca,LTE,B17,coverage,x,,kimovil-ca;pm-ca
CA,telus-ca,LTE,B4,capacity,x,yes,pm-ca;cellmapper-na
CA,telus-ca,LTE,B7,capacity,x,,pm-ca;onesdr-ca
CA,telus-ca,LTE,B29,coverage,x,,pm-ca;onesdr-ca
CA,telus-ca,LTE,B66,capacity,x,,kimovil-ca;pm-ca
CA,telus-ca,LTE,B30,capacity,s,,pm-ca
CA,telus-ca,LTE,B71,coverage,s,,cellmapper-na
CA,telus-ca,NR,n66,capacity,x,,pm-5g-ca;cellmapper-na
CA,telus-ca,NR,n78,capacity,x,,pm-5g-ca;cellmapper-na
CA,telus-ca,NR,n71,coverage,x,,onesdr-ca;cellmapper-na
IT,tim-it,LTE,B1,capacity,x,,kimovil-it;fc-tim-it
IT,tim-it,LTE,B3,capacity,x,yes,kimovil-it;fc-tim-it
IT,tim-it,LTE,B7,capacity,x,,kimovil-it;fc-tim-it
IT,tim-it,LTE,B8,coverage,x,,kimovil-it;fc-tim-it
IT,tim-it,LTE,B20,coverage,x,yes,kimovil-it;fc-tim-it
IT,tim-it,LTE,B32,capacity,x,,kimovil-it;fc-tim-it
IT,tim-it,NR,n28,coverage,x,,kimovil-it;fc-tim-it
IT,tim-it,NR,n78,capacity,x,,kimovil-it;fc-tim-it
IT,tim-it,NR,n258,capacity,x,,kimovil-it;fc-tim-it
IT,vodafone-it,LTE,B1,capacity,x,,kimovil-it;fc-vodafone-it
IT,vodafone-it,LTE,B3,capacity,x,yes,kimovil-it;fc-vodafone-it
IT,vodafone-it,LTE,B7,capacity,x,,kimovil-it;fc-vodafone-it
IT,vodafone-it,LTE,B8,coverage,x,,kimovil-it;fc-vodafone-it
IT,vodafone-it,LTE,B20,coverage,x,yes,kimovil-it;fc-vodafone-it
IT,vodafone-it,LTE,B28,coverage,x,,kimovil-it;fc-vodafone-it
IT,vodafone-it,LTE,B32,capacity,s,,kimovil-it
IT,vodafone-it,NR,n78,capacity,x,,kimovil-it;fc-vodafone-it
IT,vodafone-it,NR,n258,capacity,x,,kimovil-it;fc-vodafone-it
IT,vodafone-it,NR,n28,coverage,s,,kimovil-it
IT,windtre-it,LTE,B1,capacity,x,,kimovil-it;fc-wind-it
IT,windtre-it,LTE,B3,capacity,x,yes,kimovil-it;fc-wind-it
IT,windtre-it,LTE,B7,capacity,x,,kimovil-it;fc-wind-it
IT,windtre-it,LTE,B20,coverage,x,yes,kimovil-it;fc-wind-it
IT,windtre-it,LTE,B38,capacity,s,,fc-wind-it
IT,windtre-it,NR,n78,capacity,x,,kimovil-it;fc-wind-it
IT,windtre-it,NR,n258,capacity,x,,kimovil-it;fc-wind-it
IT,windtre-it,NR,n38,capacity,s,,kimovil-it
IT,iliad-it,LTE,B1,capacity,x,,kimovil-it;fc-iliad-it
IT,iliad-it,LTE,B3,capacity,x,yes,kimovil-it;fc-iliad-it
IT,iliad-it,LTE,B7,capacity,x,,kimovil-it;fc-iliad-it
IT,iliad-it,LTE,B28,coverage,x,yes,kimovil-it;fc-iliad-it
IT,iliad-it,NR,n28,coverage,x,,kimovil-it;fc-iliad-it
IT,iliad-it,NR,n78,capacity,x,,kimovil-it;fc-iliad-it
IT,iliad-it,NR,n258,capacity,x,,kimovil-it;fc-iliad-it
NL,kpn,LTE,B3,capacity,x,yes,kimovil-nl;fc-kpn-nl
NL,kpn,LTE,B7,capacity,x,,kimovil-nl;fc-kpn-nl
NL,kpn,LTE,B20,coverage,x,yes,kimovil-nl;fc-kpn-nl
NL,kpn,LTE,B38,capacity,x,,kimovil-nl;fc-kpn-nl
NL,kpn,NR,n1,capacity,x,,kimovil-nl;fc-kpn-nl
NL,kpn,NR,n28,coverage,x,,kimovil-nl;fc-kpn-nl
NL,kpn,NR,n78,capacity,x,,kimovil-nl;fc-kpn-nl
NL,vodafone-nl,LTE,B3,capacity,x,yes,kimovil-nl;fc-vodafone-nl
NL,vodafone-nl,LTE,B7,capacity,x,,kimovil-nl;fc-vodafone-nl
NL,vodafone-nl,LTE,B20,coverage,x,yes,kimovil-nl;fc-vodafone-nl
NL,vodafone-nl,NR,n1,capacity,x,,kimovil-nl;fc-vodafone-nl
NL,vodafone-nl,NR,n3,capacity,x,,kimovil-nl;fc-vodafone-nl
NL,vodafone-nl,NR,n28,coverage,x,,kimovil-nl;fc-vodafone-nl
NL,vodafone-nl,NR,n78,capacity,x,,kimovil-nl;fc-vodafone-nl
NL,odido,LTE,B1,capacity,x,,kimovil-nl;fc-tmobile-nl
NL,odido,LTE,B3,capacity,x,yes,kimovil-nl;fc-tmobile-nl
NL,odido,LTE,B7,capacity,x,,kimovil-nl;fc-tmobile-nl
NL,odido,LTE,B8,coverage,x,,kimovil-nl;fc-tmobile-nl
NL,odido,LTE,B20,coverage,x,yes,kimovil-nl;fc-tmobile-nl
NL,odido,LTE,B38,capacity,x,,kimovil-nl;fc-tmobile-nl
NL,odido,NR,n28,coverage,x,,kimovil-nl;fc-tmobile-nl
NL,odido,NR,n78,capacity,s,,kimovil-nl
PL,orange-pl,LTE,B1,capacity,x,,kimovil-pl;prepaid-pl
PL,orange-pl,LTE,B3,capacity,x,yes,kimovil-pl;prepaid-pl
PL,orange-pl,LTE,B7,capacity,x,,kimovil-pl;prepaid-pl
PL,orange-pl,LTE,B8,coverage,x,,kimovil-pl;prepaid-pl
PL,orange-pl,LTE,B20,coverage,x,yes,kimovil-pl;prepaid-pl
PL,orange-pl,NR,n78,capacity,x,,kimovil-pl;telepolis-pl
PL,orange-pl,NR,n1,capacity,s,,kimovil-pl
PL,orange-pl,NR,n28,coverage,s,,kimovil-pl
PL,tmobile-pl,LTE,B3,capacity,x,yes,kimovil-pl;pedroc-pl
PL,tmobile-pl,LTE,B7,capacity,x,,kimovil-pl;pedroc-pl
PL,tmobile-pl,LTE,B20,coverage,x,yes,kimovil-pl;pedroc-pl
PL,tmobile-pl,LTE,B8,coverage,x,,kimovil-pl;prepaid-pl
PL,tmobile-pl,LTE,B1,capacity,s,,kimovil-pl
PL,tmobile-pl,NR,n78,capacity,x,,kimovil-pl;telepolis-pl
PL,tmobile-pl,NR,n1,capacity,s,,kimovil-pl
PL,tmobile-pl,NR,n28,coverage,s,,kimovil-pl
PL,play-pl,LTE,B1,capacity,x,,kimovil-pl;fc-play-pl
PL,play-pl,LTE,B3,capacity,x,yes,kimovil-pl;fc-play-pl
PL,play-pl,LTE,B7,capacity,x,,kimovil-pl;fc-play-pl
PL,play-pl,LTE,B20,coverage,x,yes,kimovil-pl;fc-play-pl
PL,play-pl,LTE,B8,coverage,s,,kimovil-pl
PL,play-pl,LTE,B28,coverage,s,,kimovil-pl
PL,play-pl,NR,n1,capacity,x,,kimovil-pl;fc-play-pl
PL,play-pl,NR,n78,capacity,x,,kimovil-pl;fc-play-pl
PL,play-pl,NR,n3,capacity,s,,kimovil-pl
PL,play-pl,NR,n28,coverage,s,,kimovil-pl
PL,plus-pl,LTE,B1,capacity,x,,kimovil-pl;pedroc-pl
PL,plus-pl,LTE,B7,capacity,x,yes,kimovil-pl;pedroc-pl
PL,plus-pl,LTE,B8,coverage,x,yes,kimovil-pl;pedroc-pl
PL,plus-pl,LTE,B3,capacity,s,,kimovil-pl
PL,plus-pl,LTE,B20,coverage,s,,pedroc-pl
PL,plus-pl,LTE,B38,capacity,s,,pedroc-pl
PL,plus-pl,NR,n1,capacity,x,,kimovil-pl;telepolis-pl
PL,plus-pl,NR,n38,capacity,x,,kimovil-pl;telepolis-pl
MX,telcel,LTE,B4,capacity,x,yes,kimovil-mx;fc-telcel-mx
MX,telcel,LTE,B7,capacity,x,,kimovil-mx;fc-telcel-mx
MX,telcel,LTE,B66,capacity,x,,kimovil-mx;fc-telcel-mx
MX,telcel,NR,n78,capacity,s,,kimovil-mx
MX,telcel,NR,n5,coverage,s,,fc-telcel-mx
MX,att-mx,LTE,B2,capacity,x,yes,kimovil-mx;dpl-altan
MX,att-mx,LTE,B4,capacity,x,yes,kimovil-mx;dpl-altan
MX,att-mx,LTE,B5,coverage,s,,kimovil-mx
MX,att-mx,LTE,B7,capacity,s,,kimovil-mx
MX,att-mx,LTE,B26,coverage,s,,kimovil-mx
MX,att-mx,NR,n7,capacity,s,,kimovil-mx
MX,att-mx,NR,n41,capacity,s,,kimovil-mx
MX,att-mx,NR,n66,capacity,s,,kimovil-mx
MX,altan,LTE,B28,coverage,x,yes,kimovil-mx;altan-redes
BR,vivo-br,LTE,B1,capacity,x,,kimovil-br;fc-vivo-br
BR,vivo-br,LTE,B3,capacity,x,yes,kimovil-br;fc-vivo-br
BR,vivo-br,LTE,B5,coverage,x,,kimovil-br;fc-vivo-br
BR,vivo-br,LTE,B7,capacity,x,,kimovil-br;fc-vivo-br
BR,vivo-br,LTE,B28,coverage,x,yes,kimovil-br;fc-vivo-br
BR,vivo-br,LTE,B40,capacity,x,,kimovil-br;fc-vivo-br
BR,vivo-br,NR,n78,capacity,x,,kimovil-br;prepaid-br
BR,vivo-br,NR,n40,capacity,s,,kimovil-br
BR,claro-br,LTE,B1,capacity,x,,kimovil-br;prepaid-br
BR,claro-br,LTE,B3,capacity,x,yes,kimovil-br;prepaid-br
BR,claro-br,LTE,B7,capacity,x,,kimovil-br;prepaid-br
BR,claro-br,LTE,B28,coverage,x,yes,kimovil-br;prepaid-br
BR,claro-br,LTE,B40,capacity,x,,kimovil-br;prepaid-br
BR,claro-br,LTE,B5,coverage,s,,kimovil-br
BR,claro-br,NR,n7,capacity,x,,kimovil-br;prepaid-br
BR,claro-br,NR,n40,capacity,x,,kimovil-br;prepaid-br
BR,claro-br,NR,n78,capacity,x,,kimovil-br;prepaid-br
BR,tim-br,LTE,B3,capacity,x,yes,kimovil-br;prepaid-br
BR,tim-br,LTE,B5,coverage,x,,kimovil-br;prepaid-br
BR,tim-br,LTE,B28,coverage,x,yes,kimovil-br;prepaid-br
BR,tim-br,LTE,B1,capacity,s,,kimovil-br
BR,tim-br,LTE,B7,capacity,s,,kimovil-br
BR,tim-br,NR,n3,capacity,s,,kimovil-br
BR,tim-br,NR,n7,capacity,s,,kimovil-br
BR,tim-br,NR,n28,coverage,s,,kimovil-br
BR,tim-br,NR,n78,capacity,s,,kimovil-br
IN,jio,LTE,B3,capacity,x,yes,kimovil-in;nepalitelecom-in
IN,jio,LTE,B5,coverage,x,yes,kimovil-in;nepalitelecom-in
IN,jio,LTE,B40,capacity,x,,kimovil-in;nepalitelecom-in
IN,jio,NR,n28,coverage,x,,kimovil-in;nepalitelecom-in
IN,jio,NR,n78,capacity,x,,kimovil-in;nepalitelecom-in
IN,airtel,LTE,B3,capacity,x,yes,kimovil-in;nepalitelecom-in
IN,airtel,LTE,B40,capacity,x,yes,kimovil-in;nepalitelecom-in
IN,airtel,LTE,B1,capacity,x,,kimovil-in;telecomtalk-in
IN,airtel,LTE,B8,coverage,x,,kimovil-in;telenet-airtel
IN,airtel,LTE,B5,coverage,s,,kimovil-in
IN,airtel,NR,n78,capacity,x,,kimovil-in;nepalitelecom-in
IN,vi-in,LTE,B3,capacity,x,yes,kimovil-in;nepalitelecom-in
IN,vi-in,LTE,B40,capacity,x,yes,kimovil-in;nepalitelecom-in
IN,vi-in,LTE,B41,capacity,x,,kimovil-in;nepalitelecom-in
IN,vi-in,LTE,B1,capacity,x,,kimovil-in;telecomtalk-in
IN,vi-in,LTE,B8,coverage,s,,kimovil-in
IN,vi-in,NR,n78,capacity,x,,kimovil-in;nepalitelecom-in
IN,bsnl,LTE,B41,capacity,x,yes,kimovil-in;nepalitelecom-in
IN,bsnl,LTE,B1,capacity,s,,kimovil-in
IN,bsnl,LTE,B28,coverage,s,,kimovil-in
IN,bsnl,NR,n78,capacity,s,,kimovil-in
SG,singtel,LTE,B3,capacity,x,yes,kimovil-sg;ptw-sg
SG,singtel,LTE,B7,capacity,x,,kimovil-sg;ptw-sg
SG,singtel,LTE,B8,coverage,x,yes,kimovil-sg;ptw-sg
SG,singtel,LTE,B38,capacity,s,,kimovil-sg
SG,singtel,NR,n1,capacity,s,,kimovil-sg
SG,singtel,NR,n78,capacity,s,,kimovil-sg
SG,starhub,LTE,B3,capacity,x,yes,kimovil-sg;ptw-sg
SG,starhub,LTE,B7,capacity,x,,kimovil-sg;ptw-sg
SG,starhub,LTE,B8,coverage,x,yes,kimovil-sg;ptw-sg
SG,starhub,LTE,B38,capacity,s,,kimovil-sg
SG,starhub,NR,n1,capacity,s,,kimovil-sg
SG,starhub,NR,n78,capacity,s,,kimovil-sg
SG,m1,LTE,B3,capacity,x,yes,kimovil-sg;ptw-sg
SG,m1,LTE,B7,capacity,x,,kimovil-sg;ptw-sg
SG,m1,LTE,B8,coverage,s,,kimovil-sg
SG,m1,NR,n1,capacity,s,,kimovil-sg
SG,m1,NR,n3,capacity,s,,kimovil-sg
SG,m1,NR,n78,capacity,s,,kimovil-sg
SG,simba,LTE,B8,coverage,x,yes,kimovil-sg;powertec-simba;dbs-sg-2026
SG,simba,LTE,B40,capacity,x,yes,kimovil-sg;powertec-simba;dbs-sg-2026
SG,simba,LTE,B38,capacity,x,,kimovil-sg;powertec-simba
SG,simba,NR,n1,capacity,s,,kimovil-sg
ID,telkomsel,LTE,B1,capacity,x,,kimovil-id;techjunction-id
ID,telkomsel,LTE,B3,capacity,x,yes,kimovil-id;techjunction-id
ID,telkomsel,LTE,B8,coverage,x,yes,kimovil-id;techjunction-id
ID,telkomsel,LTE,B40,capacity,x,,kimovil-id;techjunction-id
ID,telkomsel,NR,n40,capacity,x,,kimovil-id;techjunction-id
ID,telkomsel,NR,n1,capacity,s,,kimovil-id
ID,indosat,LTE,B1,capacity,x,,kimovil-id;techjunction-id
ID,indosat,LTE,B3,capacity,x,yes,kimovil-id;techjunction-id
ID,indosat,LTE,B8,coverage,x,yes,kimovil-id;techjunction-id
ID,indosat,NR,n1,capacity,s,,kimovil-id
ID,indosat,NR,n3,capacity,s,,techjunction-id
ID,indosat,NR,n40,capacity,s,,techjunction-id
ID,xlsmart,LTE,B1,capacity,x,,kimovil-id;techjunction-id
ID,xlsmart,LTE,B3,capacity,x,yes,kimovil-id;techjunction-id
ID,xlsmart,LTE,B8,coverage,x,yes,kimovil-id;techjunction-id
ID,xlsmart,LTE,B5,coverage,s,,kimovil-id
ID,xlsmart,LTE,B40,capacity,s,,kimovil-id
ID,xlsmart,NR,n40,capacity,s,,kimovil-id
TR,turkcell,LTE,B1,capacity,x,,kimovil-tr;ptw-tr
TR,turkcell,LTE,B3,capacity,x,yes,kimovil-tr;ptw-tr
TR,turkcell,LTE,B7,capacity,x,,kimovil-tr;ptw-tr
TR,turkcell,LTE,B8,coverage,x,,kimovil-tr;ptw-tr
TR,turkcell,LTE,B20,coverage,x,yes,kimovil-tr;ptw-tr
TR,turkcell,NR,n1,capacity,s,,kimovil-tr
TR,turkcell,NR,n28,coverage,s,,kimovil-tr
TR,turkcell,NR,n78,capacity,s,,kimovil-tr
TR,vodafone-tr,LTE,B3,capacity,x,yes,kimovil-tr;gigago-tr
TR,vodafone-tr,LTE,B7,capacity,x,,kimovil-tr;gigago-tr
TR,vodafone-tr,LTE,B20,coverage,x,yes,kimovil-tr;gigago-tr
TR,vodafone-tr,LTE,B8,coverage,s,,kimovil-tr
TR,vodafone-tr,LTE,B38,capacity,s,,kimovil-tr
TR,vodafone-tr,NR,n28,coverage,s,,kimovil-tr
TR,vodafone-tr,NR,n78,capacity,s,,kimovil-tr
TR,turktelekom,LTE,B3,capacity,x,yes,kimovil-tr;gigago-tr
TR,turktelekom,LTE,B7,capacity,x,,kimovil-tr;gigago-tr
TR,turktelekom,LTE,B20,coverage,x,yes,kimovil-tr;gigago-tr
TR,turktelekom,LTE,B1,capacity,s,,kimovil-tr
TR,turktelekom,LTE,B8,coverage,s,,kimovil-tr
TR,turktelekom,LTE,B38,capacity,s,,kimovil-tr
TR,turktelekom,NR,n78,capacity,s,,kimovil-tr
ES,movistar-es,LTE,B1,capacity,x,,kimovil-es;fc-movistar-es
ES,movistar-es,LTE,B3,capacity,x,yes,kimovil-es;fc-movistar-es
ES,movistar-es,LTE,B7,capacity,x,,kimovil-es;fc-movistar-es
ES,movistar-es,LTE,B8,coverage,x,,kimovil-es;fc-movistar-es
ES,movistar-es,LTE,B20,coverage,x,yes,kimovil-es;fc-movistar-es
ES,movistar-es,LTE,B28,coverage,x,,kimovil-es;fc-movistar-es
ES,movistar-es,NR,n1,capacity,x,,kimovil-es;fc-movistar-es
ES,movistar-es,NR,n3,capacity,x,,kimovil-es;fc-movistar-es
ES,movistar-es,NR,n28,coverage,x,,kimovil-es;fc-movistar-es
ES,movistar-es,NR,n78,capacity,x,,kimovil-es;fc-movistar-es
ES,movistar-es,NR,n258,capacity,x,,kimovil-es;fc-movistar-es
ES,vodafone-es,LTE,B1,capacity,x,,kimovil-es;fc-vodafone-es
ES,vodafone-es,LTE,B3,capacity,x,yes,kimovil-es;fc-vodafone-es
ES,vodafone-es,LTE,B7,capacity,x,,kimovil-es;fc-vodafone-es
ES,vodafone-es,LTE,B8,coverage,x,,kimovil-es;fc-vodafone-es
ES,vodafone-es,LTE,B20,coverage,x,yes,kimovil-es;fc-vodafone-es
ES,vodafone-es,LTE,B28,coverage,x,,kimovil-es;fc-vodafone-es
ES,vodafone-es,LTE,B38,capacity,x,,kimovil-es;fc-vodafone-es
ES,vodafone-es,NR,n1,capacity,x,,kimovil-es;fc-vodafone-es
ES,vodafone-es,NR,n3,capacity,x,,kimovil-es;fc-vodafone-es
ES,vodafone-es,NR,n28,coverage,x,,kimovil-es;fc-vodafone-es
ES,vodafone-es,NR,n78,capacity,x,,kimovil-es;fc-vodafone-es
ES,masorange-es,LTE,B1,capacity,x,,kimovil-es;fc-orange-es
ES,masorange-es,LTE,B3,capacity,x,yes,kimovil-es;fc-orange-es
ES,masorange-es,LTE,B7,capacity,x,,kimovil-es;fc-orange-es
ES,masorange-es,LTE,B8,coverage,x,,kimovil-es;fc-orange-es
ES,masorange-es,LTE,B20,coverage,x,yes,kimovil-es;fc-orange-es
ES,masorange-es,LTE,B28,coverage,x,,kimovil-es;fc-orange-es
ES,masorange-es,NR,n1,capacity,x,,kimovil-es;fc-orange-es
ES,masorange-es,NR,n3,capacity,x,,kimovil-es;fc-orange-es
ES,masorange-es,NR,n28,coverage,x,,kimovil-es;fc-orange-es
ES,masorange-es,NR,n78,capacity,x,,kimovil-es;fc-orange-es
ES,masorange-es,NR,n7,capacity,s,,kimovil-es
ES,masorange-es,NR,n258,capacity,s,,kimovil-es
AU,telstra-au,LTE,B1,capacity,x,,kimovil-au;itwire-au
AU,telstra-au,LTE,B3,capacity,x,yes,kimovil-au;itwire-au
AU,telstra-au,LTE,B7,capacity,x,,kimovil-au;itwire-au
AU,telstra-au,LTE,B8,coverage,x,,kimovil-au;itwire-au
AU,telstra-au,LTE,B28,coverage,x,yes,kimovil-au;itwire-au
AU,telstra-au,NR,n78,capacity,x,,kimovil-au;onesdr-au
AU,telstra-au,NR,n5,coverage,s,,kimovil-au
AU,telstra-au,NR,n257,capacity,s,,kimovil-au
AU,optus-au,LTE,B1,capacity,x,,kimovil-au;itwire-au
AU,optus-au,LTE,B3,capacity,x,yes,kimovil-au;itwire-au
AU,optus-au,LTE,B7,capacity,x,,kimovil-au;itwire-au
AU,optus-au,LTE,B28,coverage,x,yes,kimovil-au;itwire-au
AU,optus-au,LTE,B40,capacity,x,,kimovil-au;itwire-au
AU,optus-au,NR,n78,capacity,x,,kimovil-au;onesdr-au
AU,optus-au,NR,n40,capacity,s,,kimovil-au
AU,optus-au,NR,n257,capacity,s,,kimovil-au
AU,vodafone-au,LTE,B1,capacity,x,,kimovil-au;itwire-au
AU,vodafone-au,LTE,B3,capacity,x,yes,kimovil-au;itwire-au
AU,vodafone-au,LTE,B5,coverage,x,yes,kimovil-au;itwire-au
AU,vodafone-au,NR,n78,capacity,x,,kimovil-au;onesdr-au
AU,vodafone-au,NR,n28,coverage,s,,kimovil-au
NZ,spark-nz,LTE,B1,capacity,x,,kimovil-nz;tj-nz
NZ,spark-nz,LTE,B3,capacity,x,yes,kimovil-nz;tj-nz
NZ,spark-nz,LTE,B7,capacity,x,,kimovil-nz;tj-nz
NZ,spark-nz,LTE,B28,coverage,x,yes,kimovil-nz;tj-nz;rsm-700
NZ,spark-nz,LTE,B40,capacity,s,,kimovil-nz
NZ,spark-nz,NR,n78,capacity,x,,kimovil-nz;tj-nz
NZ,spark-nz,NR,n40,capacity,s,,kimovil-nz
NZ,one-nz,LTE,B3,capacity,x,yes,kimovil-nz;tj-nz;rsm-int
NZ,one-nz,LTE,B28,coverage,x,yes,kimovil-nz;tj-nz;rsm-700
NZ,one-nz,LTE,B1,capacity,s,,tj-nz
NZ,one-nz,LTE,B8,coverage,s,,tj-nz
NZ,one-nz,LTE,B7,capacity,s,,kimovil-nz
NZ,one-nz,NR,n78,capacity,x,,kimovil-nz;tj-nz
NZ,2degrees-nz,LTE,B3,capacity,x,yes,kimovil-nz;tj-nz;rsm-int
NZ,2degrees-nz,LTE,B28,coverage,x,yes,tj-nz;rsm-700
NZ,2degrees-nz,LTE,B1,capacity,s,,tj-nz
NZ,2degrees-nz,LTE,B7,capacity,s,,tj-nz
NZ,2degrees-nz,NR,n78,capacity,x,,kimovil-nz;tj-nz
RU,ru-mts,LTE,B3,capacity,x,,kimovil-ru;pds-ru
RU,ru-mts,LTE,B7,capacity,x,,kimovil-ru;pds-ru
RU,ru-mts,LTE,B20,coverage,x,,kimovil-ru;pds-ru
RU,ru-mts,LTE,B38,capacity,x,,kimovil-ru;pds-ru
RU,ru-mts,LTE,B1,capacity,s,,kimovil-ru
RU,ru-mts,LTE,B8,coverage,s,,kimovil-ru
RU,ru-mts,LTE,B34,capacity,s,,kimovil-ru
RU,ru-mts,LTE,B41,capacity,s,,kimovil-ru
RU,ru-megafon,LTE,B3,capacity,x,,kimovil-ru;pds-ru
RU,ru-megafon,LTE,B7,capacity,x,,kimovil-ru;pds-ru
RU,ru-megafon,LTE,B20,coverage,x,,kimovil-ru;pds-ru
RU,ru-megafon,LTE,B38,capacity,x,,kimovil-ru;pds-ru
RU,ru-megafon,LTE,B1,capacity,s,,kimovil-ru
RU,ru-megafon,LTE,B8,coverage,s,,kimovil-ru
RU,ru-megafon,LTE,B34,capacity,s,,kimovil-ru
RU,ru-megafon,LTE,B41,capacity,s,,kimovil-ru
RU,ru-beeline,LTE,B3,capacity,x,,kimovil-ru;pds-ru
RU,ru-beeline,LTE,B7,capacity,x,,kimovil-ru;pds-ru
RU,ru-beeline,LTE,B20,coverage,x,,kimovil-ru;pds-ru
RU,ru-beeline,LTE,B38,capacity,x,,kimovil-ru;pds-ru
RU,ru-beeline,LTE,B1,capacity,s,,kimovil-ru
RU,ru-beeline,LTE,B8,coverage,s,,kimovil-ru
RU,ru-t2,LTE,B3,capacity,x,,kimovil-ru;pds-ru
RU,ru-t2,LTE,B7,capacity,x,,kimovil-ru;pds-ru
RU,ru-t2,LTE,B20,coverage,x,,kimovil-ru;pds-ru
RU,ru-t2,LTE,B40,capacity,x,,kimovil-ru;pds-ru
RU,ru-t2,LTE,B1,capacity,s,,kimovil-ru
UA,ua-kyivstar,LTE,B1,capacity,s,,wiki-lte-eu
UA,ua-kyivstar,LTE,B3,capacity,s,,wiki-lte-eu
UA,ua-kyivstar,LTE,B7,capacity,s,,wiki-lte-eu
UA,ua-kyivstar,LTE,B8,coverage,s,,wiki-lte-eu
UA,ua-kyivstar,LTE,B40,capacity,s,,wiki-lte-eu
UA,ua-lifecell,LTE,B1,capacity,s,,wiki-lte-eu
UA,ua-lifecell,LTE,B3,capacity,s,,wiki-lte-eu
UA,ua-lifecell,LTE,B7,capacity,s,,wiki-lte-eu
UA,ua-lifecell,LTE,B8,coverage,s,,wiki-lte-eu
UA,ua-vodafone,LTE,B3,capacity,s,,wiki-lte-eu
UA,ua-vodafone,LTE,B7,capacity,s,,wiki-lte-eu
UA,ua-vodafone,LTE,B8,coverage,s,,wiki-lte-eu
UA,ua-vodafone,LTE,B38,capacity,s,,wiki-lte-eu
BY,by-a1,LTE,B3,capacity,s,,wiki-lte-eu
BY,by-a1,LTE,B7,capacity,s,,wiki-lte-eu
BY,by-a1,LTE,B20,coverage,s,,wiki-lte-eu
BY,by-mts,LTE,B3,capacity,s,,wiki-lte-eu
BY,by-mts,LTE,B7,capacity,s,,wiki-lte-eu
BY,by-mts,LTE,B20,coverage,s,,wiki-lte-eu
BY,by-life,LTE,B3,capacity,s,,wiki-lte-eu
BY,by-life,LTE,B7,capacity,s,,wiki-lte-eu
BY,by-life,LTE,B20,coverage,s,,wiki-lte-eu
RS,rs-mts,LTE,B1,capacity,s,,wiki-lte-eu
RS,rs-mts,LTE,B3,capacity,s,,wiki-lte-eu
RS,rs-mts,LTE,B20,coverage,s,,wiki-lte-eu
RS,rs-yettel,LTE,B1,capacity,s,,wiki-lte-eu
RS,rs-yettel,LTE,B3,capacity,s,,wiki-lte-eu
RS,rs-yettel,LTE,B20,coverage,s,,wiki-lte-eu
RS,rs-a1,LTE,B1,capacity,s,,wiki-lte-eu
RS,rs-a1,LTE,B3,capacity,s,,wiki-lte-eu
RS,rs-a1,LTE,B20,coverage,s,,wiki-lte-eu
MK,mk-makedonski-telekom,LTE,B1,capacity,s,,wiki-lte-eu
MK,mk-makedonski-telekom,LTE,B3,capacity,s,,wiki-lte-eu
MK,mk-makedonski-telekom,LTE,B20,coverage,s,,wiki-lte-eu
MK,mk-makedonski-telekom,LTE,B28,coverage,s,,wiki-lte-eu
MK,mk-makedonski-telekom,NR,n1,capacity,s,,wiki-lte-eu
MK,mk-a1,LTE,B1,capacity,s,,wiki-lte-eu
MK,mk-a1,LTE,B3,capacity,s,,wiki-lte-eu
MK,mk-a1,LTE,B20,coverage,s,,wiki-lte-eu
MK,mk-a1,LTE,B28,coverage,s,,wiki-lte-eu
ME,me-crnogorski-telekom,LTE,B3,capacity,s,,wiki-lte-eu
ME,me-crnogorski-telekom,LTE,B7,capacity,s,,wiki-lte-eu
ME,me-crnogorski-telekom,LTE,B20,coverage,s,,wiki-lte-eu
ME,me-crnogorski-telekom,LTE,B38,capacity,s,,wiki-lte-eu
ME,me-one,LTE,B3,capacity,s,,wiki-lte-eu
AL,al-vodafone,LTE,B3,capacity,s,,wiki-lte-eu
AL,al-vodafone,LTE,B7,capacity,s,,wiki-lte-eu
AL,al-vodafone,LTE,B20,coverage,s,,wiki-lte-eu
AL,al-vodafone,LTE,B38,capacity,s,,wiki-lte-eu
AL,al-one,LTE,B3,capacity,s,,wiki-lte-eu
AL,al-one,LTE,B7,capacity,s,,wiki-lte-eu
AL,al-one,LTE,B20,coverage,s,,wiki-lte-eu
MD,md-orange,LTE,B3,capacity,s,,wiki-lte-eu
MD,md-orange,LTE,B7,capacity,s,,wiki-lte-eu
MD,md-orange,LTE,B20,coverage,s,,wiki-lte-eu
MD,md-moldcell,LTE,B7,capacity,s,,wiki-lte-eu
MD,md-moldcell,LTE,B20,coverage,s,,wiki-lte-eu
MD,md-unite,LTE,B3,capacity,s,,wiki-lte-eu
LI,li-fl1,LTE,B7,capacity,s,,wiki-lte-eu
LI,li-fl1,LTE,B20,coverage,s,,wiki-lte-eu
LI,li-swisscom,LTE,B3,capacity,s,,wiki-lte-eu
LI,li-swisscom,LTE,B7,capacity,s,,wiki-lte-eu
LI,li-salt,LTE,B3,capacity,s,,wiki-lte-eu
LI,li-salt,LTE,B7,capacity,s,,wiki-lte-eu
AD,ad-andorra-telecom,LTE,B7,capacity,s,,wiki-lte-eu
AD,ad-andorra-telecom,LTE,B20,coverage,s,,wiki-lte-eu
MC,mc-monaco-telecom,LTE,B3,capacity,s,,wiki-lte-eu
MC,mc-monaco-telecom,LTE,B7,capacity,s,,wiki-lte-eu
MC,mc-monaco-telecom,LTE,B20,coverage,s,,wiki-lte-eu
PK,pk-jazz,LTE,B1,capacity,s,,wiki-lte-asia
PK,pk-jazz,LTE,B3,capacity,s,,wiki-lte-asia
PK,pk-jazz,LTE,B8,coverage,s,,wiki-lte-asia
PK,pk-zong,LTE,B1,capacity,s,,wiki-lte-asia
PK,pk-zong,LTE,B3,capacity,s,,wiki-lte-asia
PK,pk-telenor,LTE,B3,capacity,s,,wiki-lte-asia
PK,pk-telenor,LTE,B5,coverage,s,,wiki-lte-asia
PK,pk-ufone,LTE,B3,capacity,s,,wiki-lte-asia
BD,bd-grameenphone,LTE,B3,capacity,s,,wiki-lte-asia
BD,bd-robi,LTE,B1,capacity,s,,wiki-lte-asia
BD,bd-robi,LTE,B3,capacity,s,,wiki-lte-asia
BD,bd-robi,LTE,B8,coverage,s,,wiki-lte-asia
BD,bd-robi,LTE,B41,capacity,s,,wiki-lte-asia
BD,bd-banglalink,LTE,B1,capacity,s,,wiki-lte-asia
BD,bd-banglalink,LTE,B3,capacity,s,,wiki-lte-asia
BD,bd-banglalink,LTE,B40,capacity,s,,wiki-lte-asia
BD,bd-teletalk,LTE,B3,capacity,s,,wiki-lte-asia
KZ,kz-beeline,LTE,B1,capacity,s,,wiki-lte-asia
KZ,kz-beeline,LTE,B3,capacity,s,,wiki-lte-asia
KZ,kz-beeline,LTE,B20,coverage,s,,wiki-lte-asia
KZ,kz-kcell,LTE,B3,capacity,s,,wiki-lte-asia
KZ,kz-kcell,LTE,B20,coverage,s,,wiki-lte-asia
KZ,kz-tele2-altel,LTE,B3,capacity,s,,wiki-lte-asia
KZ,kz-tele2-altel,LTE,B20,coverage,s,,wiki-lte-asia
LK,lk-dialog,LTE,B3,capacity,s,,wiki-lte-asia
LK,lk-dialog,LTE,B40,capacity,s,,wiki-lte-asia
LK,lk-mobitel,LTE,B1,capacity,s,,wiki-lte-asia
LK,lk-mobitel,LTE,B3,capacity,s,,wiki-lte-asia
LK,lk-mobitel,LTE,B8,coverage,s,,wiki-lte-asia
LK,lk-hutch,LTE,B3,capacity,s,,wiki-lte-asia
LK,lk-hutch,LTE,B8,coverage,s,,wiki-lte-asia
UZ,uz-ucell,LTE,B3,capacity,s,,wiki-lte-asia
UZ,uz-ucell,LTE,B7,capacity,s,,wiki-lte-asia
UZ,uz-ucell,LTE,B28,coverage,s,,wiki-lte-asia
UZ,uz-beeline,LTE,B7,capacity,s,,wiki-lte-asia
UZ,uz-uzmobile,LTE,B3,capacity,s,,wiki-lte-asia
UZ,uz-mobiuz,LTE,B20,coverage,s,,wiki-lte-asia
MM,mm-mpt,LTE,B1,capacity,s,,wiki-lte-asia
MM,mm-mpt,LTE,B3,capacity,s,,wiki-lte-asia
MM,mm-atom,LTE,B1,capacity,s,,wiki-lte-asia
MM,mm-atom,LTE,B3,capacity,s,,wiki-lte-asia
MM,mm-ooredoo,LTE,B1,capacity,s,,wiki-lte-asia
MM,mm-ooredoo,LTE,B3,capacity,s,,wiki-lte-asia
MM,mm-mytel,LTE,B1,capacity,s,,wiki-lte-asia
MM,mm-mytel,LTE,B3,capacity,s,,wiki-lte-asia
MM,mm-mytel,LTE,B8,coverage,s,,wiki-lte-asia
KH,kh-smart,LTE,B1,capacity,s,,wiki-lte-asia
KH,kh-smart,LTE,B3,capacity,s,,wiki-lte-asia
KH,kh-cellcard,LTE,B3,capacity,s,,wiki-lte-asia
KH,kh-metfone,LTE,B3,capacity,s,,wiki-lte-asia
NP,np-ntc,LTE,B3,capacity,s,,wiki-lte-asia
NP,np-ntc,LTE,B20,coverage,s,,wiki-lte-asia
NP,np-ntc,LTE,B40,capacity,s,,wiki-lte-asia
NP,np-ncell,LTE,B3,capacity,s,,wiki-lte-asia
NP,np-ncell,LTE,B8,coverage,s,,wiki-lte-asia
NP,np-smart,LTE,B3,capacity,s,,wiki-lte-asia
MN,mn-unitel,LTE,B3,capacity,s,,wiki-lte-asia
MN,mn-unitel,LTE,B28,coverage,s,,wiki-lte-asia
MN,mn-unitel,LTE,B40,capacity,s,,wiki-lte-asia
MN,mn-mobicom,LTE,B3,capacity,s,,wiki-lte-asia
MN,mn-mobicom,LTE,B28,coverage,s,,wiki-lte-asia
MN,mn-skytel,LTE,B3,capacity,s,,wiki-lte-asia
MN,mn-gmobile,LTE,B3,capacity,s,,wiki-lte-asia
MO,mo-ctm,LTE,B1,capacity,s,,wiki-lte-asia
MO,mo-ctm,LTE,B3,capacity,s,,wiki-lte-asia
MO,mo-ctm,LTE,B8,coverage,s,,wiki-lte-asia
MO,mo-ctm,NR,n28,coverage,s,,wiki-lte-asia
MO,mo-china-telecom,LTE,B1,capacity,s,,wiki-lte-asia
MO,mo-china-telecom,LTE,B3,capacity,s,,wiki-lte-asia
MO,mo-china-telecom,LTE,B5,coverage,s,,wiki-lte-asia
MO,mo-china-telecom,LTE,B7,capacity,s,,wiki-lte-asia
MO,mo-china-telecom,NR,n28,coverage,s,,wiki-lte-asia
MO,mo-three,LTE,B1,capacity,s,,wiki-lte-asia
MO,mo-three,LTE,B3,capacity,s,,wiki-lte-asia
MO,mo-three,LTE,B8,coverage,s,,wiki-lte-asia
BN,bn-dst,LTE,B3,capacity,s,,wiki-lte-asia
AZ,az-azercell,LTE,B3,capacity,s,,wiki-lte-asia
AZ,az-bakcell,LTE,B3,capacity,s,,wiki-lte-asia
AZ,az-nar,LTE,B3,capacity,s,,wiki-lte-asia
GE,ge-magticom,LTE,B3,capacity,s,,wiki-lte-asia
GE,ge-magticom,LTE,B20,coverage,s,,wiki-lte-asia
GE,ge-silknet,LTE,B3,capacity,s,,wiki-lte-asia
GE,ge-silknet,LTE,B40,capacity,s,,wiki-lte-asia
GE,ge-beeline,LTE,B20,coverage,s,,wiki-lte-asia
AM,am-ucom,LTE,B3,capacity,s,,wiki-lte-asia
AM,am-ucom,LTE,B7,capacity,s,,wiki-lte-asia
AM,am-ucom,LTE,B20,coverage,s,,wiki-lte-asia
AM,am-beeline,LTE,B3,capacity,s,,wiki-lte-asia
AM,am-beeline,LTE,B20,coverage,s,,wiki-lte-asia
AM,am-viva,LTE,B7,capacity,s,,wiki-lte-asia
KG,kg-mega,LTE,B1,capacity,s,,wiki-lte-asia
KG,kg-mega,LTE,B3,capacity,s,,wiki-lte-asia
KG,kg-mega,LTE,B20,coverage,s,,wiki-lte-asia
KG,kg-mega,LTE,B40,capacity,s,,wiki-lte-asia
KG,kg-beeline,LTE,B20,coverage,s,,wiki-lte-asia
KG,kg-beeline,LTE,B40,capacity,s,,wiki-lte-asia
KG,kg-o,LTE,B7,capacity,s,,wiki-lte-asia
KG,kg-o,LTE,B20,coverage,s,,wiki-lte-asia
TJ,tj-megafon,LTE,B3,capacity,s,,wiki-lte-asia
TJ,tj-megafon,LTE,B7,capacity,s,,wiki-lte-asia
TJ,tj-megafon,LTE,B20,coverage,s,,wiki-lte-asia
TJ,tj-megafon,LTE,B40,capacity,s,,wiki-lte-asia
TJ,tj-babilon,LTE,B1,capacity,s,,wiki-lte-asia
TJ,tj-babilon,LTE,B3,capacity,s,,wiki-lte-asia
TJ,tj-tcell,LTE,B20,coverage,s,,wiki-lte-asia
TJ,tj-zet,LTE,B1,capacity,s,,wiki-lte-asia
TJ,tj-zet,LTE,B20,coverage,s,,wiki-lte-asia
TM,tm-tmcell,LTE,B7,capacity,s,,wiki-lte-asia
LA,la-ltc,LTE,B3,capacity,s,,wiki-lte-asia
LA,la-unitel,LTE,B3,capacity,s,,wiki-lte-asia
BT,bt-btl,LTE,B3,capacity,s,,wiki-lte-asia
BT,bt-tashicell,LTE,B28,coverage,s,,wiki-lte-asia
MV,mv-dhiraagu,LTE,B3,capacity,s,,wiki-lte-asia
MV,mv-dhiraagu,LTE,B7,capacity,s,,wiki-lte-asia
MV,mv-ooredoo,LTE,B28,coverage,s,,wiki-lte-asia
TL,tl-timor-telecom,LTE,B3,capacity,s,,wiki-lte-asia
TL,tl-telkomcel,LTE,B3,capacity,s,,wiki-lte-asia
TL,tl-telemor,LTE,B3,capacity,s,,wiki-lte-asia
AF,af-awcc,LTE,B3,capacity,s,,wiki-lte-asia
AF,af-etisalat,LTE,B3,capacity,s,,wiki-lte-asia
AF,af-salaam,LTE,B3,capacity,s,,wiki-lte-asia
JO,jo-zain,LTE,B3,capacity,s,,wiki-lte-asia
JO,jo-orange,LTE,B3,capacity,s,,wiki-lte-asia
JO,jo-orange,LTE,B7,capacity,s,,wiki-lte-asia
JO,jo-umniah,LTE,B3,capacity,s,,wiki-lte-asia
LB,lb-alfa,LTE,B3,capacity,s,,wiki-lte-asia
LB,lb-alfa,LTE,B20,coverage,s,,wiki-lte-asia
LB,lb-touch,LTE,B3,capacity,s,,wiki-lte-asia
LB,lb-touch,LTE,B20,coverage,s,,wiki-lte-asia
SY,sy-syriatel,LTE,B3,capacity,s,,wiki-lte-asia
SY,sy-mtn,LTE,B3,capacity,s,,wiki-lte-asia
UY,uy-antel,LTE,B4,capacity,s,,wiki-lte-world
UY,uy-antel,LTE,B28,coverage,s,,wiki-lte-world
UY,uy-claro,LTE,B4,capacity,s,,wiki-lte-world
UY,uy-movistar,LTE,B2,capacity,s,,wiki-lte-world
CR,cr-kolbi,LTE,B3,capacity,s,,wiki-lte-world
CR,cr-kolbi,LTE,B7,capacity,s,,wiki-lte-world
CR,cr-claro,LTE,B3,capacity,s,,wiki-lte-world
CR,cr-liberty,LTE,B3,capacity,s,,wiki-lte-world
PA,pa-mas-movil,LTE,B2,capacity,s,,wiki-lte-world
PA,pa-mas-movil,LTE,B28,coverage,s,,wiki-lte-world
PA,pa-tigo,LTE,B28,coverage,s,,wiki-lte-world
DO,do-claro,LTE,B2,capacity,s,,wiki-lte-world
DO,do-claro,LTE,B4,capacity,s,,wiki-lte-world
DO,do-claro,LTE,B7,capacity,s,,wiki-lte-world
DO,do-altice,LTE,B2,capacity,s,,wiki-lte-world
DO,do-altice,LTE,B4,capacity,s,,wiki-lte-world
DO,do-altice,LTE,B5,coverage,s,,wiki-lte-world
DO,do-altice,LTE,B8,coverage,s,,wiki-lte-world
DO,do-viva,LTE,B4,capacity,s,,wiki-lte-world
EC,ec-claro,LTE,B4,capacity,s,,wiki-lte-world
EC,ec-movistar,LTE,B2,capacity,s,,wiki-lte-world
EC,ec-cnt,LTE,B4,capacity,s,,wiki-lte-world
GT,gt-tigo,LTE,B5,coverage,s,,wiki-lte-world
GT,gt-claro,LTE,B2,capacity,s,,wiki-lte-world
TT,tt-bmobile,LTE,B2,capacity,s,,wiki-lte-world
TT,tt-bmobile,LTE,B4,capacity,s,,wiki-lte-world
TT,tt-bmobile,LTE,B28,coverage,s,,wiki-lte-world
TT,tt-digicel,LTE,B2,capacity,s,,wiki-lte-world
TT,tt-digicel,LTE,B4,capacity,s,,wiki-lte-world
TT,tt-digicel,LTE,B28,coverage,s,,wiki-lte-world
JM,jm-digicel,LTE,B2,capacity,s,,wiki-lte-world
JM,jm-digicel,LTE,B4,capacity,s,,wiki-lte-world
JM,jm-digicel,LTE,B12,coverage,s,,wiki-lte-world
JM,jm-digicel,LTE,B17,coverage,s,,wiki-lte-world
JM,jm-flow,LTE,B2,capacity,s,,wiki-lte-world
JM,jm-flow,LTE,B4,capacity,s,,wiki-lte-world
JM,jm-flow,LTE,B12,coverage,s,,wiki-lte-world
PY,py-tigo,LTE,B4,capacity,s,,wiki-lte-world
PY,py-personal,LTE,B2,capacity,s,,wiki-lte-world
PY,py-claro,LTE,B4,capacity,s,,wiki-lte-world
PY,py-vox,LTE,B4,capacity,s,,wiki-lte-world
BO,bo-entel,LTE,B13,coverage,s,,wiki-lte-world
BO,bo-tigo,LTE,B12,coverage,s,,wiki-lte-world
BO,bo-tigo,LTE,B17,coverage,s,,wiki-lte-world
BO,bo-viva,LTE,B4,capacity,s,,wiki-lte-world
HN,hn-tigo,LTE,B4,capacity,s,,wiki-lte-world
HN,hn-claro,LTE,B4,capacity,s,,wiki-lte-world
SV,sv-tigo,LTE,B4,capacity,s,,wiki-lte-world
SV,sv-movistar,LTE,B2,capacity,s,,wiki-lte-world
NI,ni-claro,LTE,B4,capacity,s,,wiki-lte-world
NI,ni-tigo,LTE,B2,capacity,s,,wiki-lte-world
VE,ve-movistar,LTE,B4,capacity,s,,wiki-lte-world
VE,ve-digitel,LTE,B3,capacity,s,,wiki-lte-world
VE,ve-movilnet,LTE,B4,capacity,s,,wiki-lte-world
CU,cu-etecsa,LTE,B1,capacity,s,,wiki-lte-world
CU,cu-etecsa,LTE,B3,capacity,s,,wiki-lte-world
CU,cu-etecsa,LTE,B8,coverage,s,,wiki-lte-world
CU,cu-etecsa,LTE,B28,coverage,s,,wiki-lte-world
BS,bs-btc,LTE,B4,capacity,s,,wiki-lte-world
BS,bs-btc,LTE,B12,coverage,s,,wiki-lte-world
BS,bs-btc,LTE,B17,coverage,s,,wiki-lte-world
BS,bs-aliv,LTE,B4,capacity,s,,wiki-lte-world
BS,bs-aliv,LTE,B13,coverage,s,,wiki-lte-world
BB,bb-flow,LTE,B2,capacity,s,,wiki-lte-world
BB,bb-flow,LTE,B5,coverage,s,,wiki-lte-world
BB,bb-digicel,LTE,B2,capacity,s,,wiki-lte-world
BB,bb-digicel,LTE,B12,coverage,s,,wiki-lte-world
BB,bb-digicel,LTE,B17,coverage,s,,wiki-lte-world
GY,gy-gtt,LTE,B28,coverage,s,,wiki-lte-world
GY,gy-digicel,LTE,B28,coverage,s,,wiki-lte-world
SR,sr-telesur,LTE,B3,capacity,s,,wiki-lte-world
SR,sr-telesur,LTE,B28,coverage,s,,wiki-lte-world
SR,sr-digicel,LTE,B3,capacity,s,,wiki-lte-world
BZ,bz-btl,LTE,B2,capacity,s,,wiki-lte-world
BZ,bz-btl,LTE,B17,coverage,s,,wiki-lte-world
BZ,bz-smart,LTE,B13,coverage,s,,wiki-lte-world
HT,ht-natcom,LTE,B4,capacity,s,,wiki-lte-world
FJ,fj-vodafone,LTE,B3,capacity,s,,wiki-lte-world
FJ,fj-digicel,LTE,B3,capacity,s,,wiki-lte-world
FJ,fj-digicel,LTE,B28,coverage,s,,wiki-lte-world
PG,pg-digicel,LTE,B28,coverage,s,,wiki-lte-world
PG,pg-telikom,LTE,B28,coverage,s,,wiki-lte-world
PF,pf-vini,LTE,B7,capacity,s,,wiki-lte-world
PF,pf-vini,LTE,B20,coverage,s,,wiki-lte-world
PF,pf-vodafone,LTE,B1,capacity,s,,wiki-lte-world
PF,pf-vodafone,LTE,B20,coverage,s,,wiki-lte-world
NC,nc-opt-nc,LTE,B3,capacity,s,,wiki-lte-world
NC,nc-opt-nc,LTE,B7,capacity,s,,wiki-lte-world
NC,nc-opt-nc,LTE,B20,coverage,s,,wiki-lte-world
WS,ws-bluesky,LTE,B3,capacity,s,,wiki-lte-world
WS,ws-bluesky,LTE,B28,coverage,s,,wiki-lte-world
WS,ws-digicel,LTE,B3,capacity,s,,wiki-lte-world
TO,to-digicel,LTE,B3,capacity,s,,wiki-lte-world
TO,to-digicel,LTE,B28,coverage,s,,wiki-lte-world
VU,vu-digicel,LTE,B28,coverage,s,,wiki-lte-world
VU,vu-tvl,LTE,B28,coverage,s,,wiki-lte-world
SB,sb-our-telecom,LTE,B3,capacity,s,,wiki-lte-world
NG,ng-mtn,LTE,B7,capacity,s,,wiki-lte-africa
NG,ng-mtn,LTE,B20,coverage,s,,wiki-lte-africa
NG,ng-airtel,LTE,B3,capacity,s,,wiki-lte-africa
NG,ng-glo,LTE,B7,capacity,s,,wiki-lte-africa
NG,ng-glo,LTE,B28,coverage,s,,wiki-lte-africa
NG,ng-9mobile,LTE,B3,capacity,s,,wiki-lte-africa
NG,ng-ntel,LTE,B3,capacity,s,,wiki-lte-africa
NG,ng-ntel,LTE,B8,coverage,s,,wiki-lte-africa
EG,eg-vodafone,LTE,B3,capacity,s,,wiki-lte-africa
EG,eg-orange,LTE,B3,capacity,s,,wiki-lte-africa
EG,eg-etisalat,LTE,B3,capacity,s,,wiki-lte-africa
EG,eg-we,LTE,B3,capacity,s,,wiki-lte-africa
MA,ma-maroc-telecom,LTE,B7,capacity,s,,wiki-lte-africa
MA,ma-maroc-telecom,LTE,B20,coverage,s,,wiki-lte-africa
MA,ma-orange,LTE,B3,capacity,s,,wiki-lte-africa
MA,ma-orange,LTE,B7,capacity,s,,wiki-lte-africa
MA,ma-orange,LTE,B20,coverage,s,,wiki-lte-africa
MA,ma-inwi,LTE,B3,capacity,s,,wiki-lte-africa
MA,ma-inwi,LTE,B7,capacity,s,,wiki-lte-africa
MA,ma-inwi,LTE,B20,coverage,s,,wiki-lte-africa
KE,ke-safaricom,LTE,B3,capacity,s,,wiki-lte-africa
KE,ke-safaricom,LTE,B20,coverage,s,,wiki-lte-africa
KE,ke-airtel,LTE,B20,coverage,s,,wiki-lte-africa
KE,ke-telkom,LTE,B20,coverage,s,,wiki-lte-africa
KE,ke-faiba,LTE,B28,coverage,s,,wiki-lte-africa
DZ,dz-mobilis,LTE,B3,capacity,s,,wiki-lte-africa
DZ,dz-djezzy,LTE,B3,capacity,s,,wiki-lte-africa
DZ,dz-ooredoo,LTE,B3,capacity,s,,wiki-lte-africa
TN,tn-tunisie-telecom,LTE,B3,capacity,s,,wiki-lte-africa
TN,tn-tunisie-telecom,LTE,B20,coverage,s,,wiki-lte-africa
TN,tn-ooredoo,LTE,B3,capacity,s,,wiki-lte-africa
TN,tn-ooredoo,LTE,B20,coverage,s,,wiki-lte-africa
TN,tn-orange,LTE,B3,capacity,s,,wiki-lte-africa
TN,tn-orange,LTE,B20,coverage,s,,wiki-lte-africa
GH,gh-mtn,LTE,B7,capacity,s,,wiki-lte-africa
GH,gh-mtn,LTE,B20,coverage,s,,wiki-lte-africa
GH,gh-telecel,LTE,B3,capacity,s,,wiki-lte-africa
GH,gh-telecel,LTE,B20,coverage,s,,wiki-lte-africa
CI,ci-orange,LTE,B3,capacity,s,,wiki-lte-africa
CI,ci-mtn,LTE,B7,capacity,s,,wiki-lte-africa
CI,ci-mtn,LTE,B20,coverage,s,,wiki-lte-africa
CI,ci-moov,LTE,B7,capacity,s,,wiki-lte-africa
SN,sn-orange,LTE,B3,capacity,s,,wiki-lte-africa
SN,sn-orange,LTE,B20,coverage,s,,wiki-lte-africa
TZ,tz-vodacom,LTE,B3,capacity,s,,wiki-lte-africa
TZ,tz-airtel,LTE,B1,capacity,s,,wiki-lte-africa
TZ,tz-airtel,LTE,B28,coverage,s,,wiki-lte-africa
TZ,tz-yas,LTE,B3,capacity,s,,wiki-lte-africa
TZ,tz-yas,LTE,B20,coverage,s,,wiki-lte-africa
TZ,tz-ttcl,LTE,B3,capacity,s,,wiki-lte-africa
TZ,tz-ttcl,LTE,B40,capacity,s,,wiki-lte-africa
TZ,tz-zantel,LTE,B3,capacity,s,,wiki-lte-africa
ET,et-ethio-telecom,LTE,B3,capacity,s,,wiki-lte-africa
AO,ao-unitel,LTE,B3,capacity,s,,wiki-lte-africa
AO,ao-movicel,LTE,B3,capacity,s,,wiki-lte-africa
UG,ug-mtn,LTE,B38,capacity,s,,wiki-lte-africa
RW,rw-ktrn,LTE,B20,coverage,s,,wiki-lte-africa
CM,cm-orange,LTE,B3,capacity,s,,wiki-lte-africa
CM,cm-mtn,LTE,B41,capacity,s,,wiki-lte-africa
CD,cd-vodacom,LTE,B42,capacity,s,,wiki-lte-africa
CD,cd-orange,LTE,B38,capacity,s,,wiki-lte-africa
CD,cd-airtel,LTE,B3,capacity,s,,wiki-lte-africa
CG,cg-mtn,LTE,B7,capacity,s,,wiki-lte-africa
CG,cg-airtel,LTE,B7,capacity,s,,wiki-lte-africa
ZM,zm-mtn,LTE,B3,capacity,s,,wiki-lte-africa
ZM,zm-airtel,LTE,B8,coverage,s,,wiki-lte-africa
ZM,zm-zamtel,LTE,B40,capacity,s,,wiki-lte-africa
ZW,zw-econet,LTE,B3,capacity,s,,wiki-lte-africa
ZW,zw-netone,LTE,B3,capacity,s,,wiki-lte-africa
MZ,mz-vodacom,LTE,B3,capacity,s,,wiki-lte-africa
MZ,mz-vodacom,LTE,B20,coverage,s,,wiki-lte-africa
MZ,mz-movitel,LTE,B20,coverage,s,,wiki-lte-africa
NA,na-mtc,LTE,B3,capacity,s,,wiki-lte-africa
NA,na-mtc,LTE,B20,coverage,s,,wiki-lte-africa
NA,na-tn-mobile,LTE,B3,capacity,s,,wiki-lte-africa
NA,na-tn-mobile,LTE,B38,capacity,s,,wiki-lte-africa
BW,bw-mascom,LTE,B3,capacity,s,,wiki-lte-africa
BW,bw-orange,LTE,B1,capacity,s,,wiki-lte-africa
BW,bw-orange,LTE,B3,capacity,s,,wiki-lte-africa
BW,bw-btc,LTE,B3,capacity,s,,wiki-lte-africa
MU,mu-myt,LTE,B3,capacity,s,,wiki-lte-africa
MU,mu-emtel,LTE,B3,capacity,s,,wiki-lte-africa
MU,mu-mtml,LTE,B3,capacity,s,,wiki-lte-africa
MG,mg-telma,LTE,B3,capacity,s,,wiki-lte-africa
MG,mg-orange,LTE,B3,capacity,s,,wiki-lte-africa
MG,mg-airtel,LTE,B3,capacity,s,,wiki-lte-africa
MW,mw-airtel,LTE,B3,capacity,s,,wiki-lte-africa
MW,mw-tnm,LTE,B41,capacity,s,,wiki-lte-africa
ML,ml-orange,LTE,B3,capacity,s,,wiki-lte-africa
ML,ml-moov,LTE,B3,capacity,s,,wiki-lte-africa
BF,bf-orange,LTE,B3,capacity,s,,wiki-lte-africa
BF,bf-moov,LTE,B3,capacity,s,,wiki-lte-africa
BF,bf-telecel,LTE,B3,capacity,s,,wiki-lte-africa
BJ,bj-mtn,LTE,B3,capacity,s,,wiki-lte-africa
BJ,bj-sbin,LTE,B3,capacity,s,,wiki-lte-africa
GA,ga-moov,LTE,B3,capacity,s,,wiki-lte-africa
GA,ga-moov,LTE,B7,capacity,s,,wiki-lte-africa
GA,ga-moov,LTE,B20,coverage,s,,wiki-lte-africa
GA,ga-airtel,LTE,B1,capacity,s,,wiki-lte-africa
LY,ly-libyana,LTE,B3,capacity,s,,wiki-lte-africa
LY,ly-almadar,LTE,B3,capacity,s,,wiki-lte-africa
SD,sd-zain,LTE,B3,capacity,s,,wiki-lte-africa
SD,sd-sudani,LTE,B3,capacity,s,,wiki-lte-africa
TD,td-airtel,LTE,B3,capacity,s,,wiki-lte-africa
TD,td-moov,LTE,B7,capacity,s,,wiki-lte-africa
GN,gn-orange,LTE,B3,capacity,s,,wiki-lte-africa
GM,gm-africell,LTE,B3,capacity,s,,wiki-lte-africa
GM,gm-qcell,LTE,B3,capacity,s,,wiki-lte-africa
LR,lr-orange,LTE,B3,capacity,s,,wiki-lte-africa
SZ,sz-mtn,LTE,B3,capacity,s,,wiki-lte-africa
SZ,sz-eswatini-mobile,LTE,B3,capacity,s,,wiki-lte-africa
LS,ls-vodacom,LTE,B3,capacity,s,,wiki-lte-africa
LS,ls-vodacom,LTE,B20,coverage,s,,wiki-lte-africa
MR,mr-moov,LTE,B3,capacity,s,,wiki-lte-africa
BI,bi-lumitel,LTE,B3,capacity,s,,wiki-lte-africa
BI,bi-econet,LTE,B3,capacity,s,,wiki-lte-africa
SS,ss-zain,LTE,B1,capacity,s,,wiki-lte-africa
SS,ss-digitel,LTE,B3,capacity,s,,wiki-lte-africa
DJ,dj-djibouti-telecom,LTE,B3,capacity,s,,wiki-lte-africa
DJ,dj-djibouti-telecom,LTE,B20,coverage,s,,wiki-lte-africa
CV,cv-cvmovel,LTE,B20,coverage,s,,wiki-lte-africa
SC,sc-airtel,LTE,B20,coverage,s,,wiki-lte-africa
KM,km-telma,LTE,B20,coverage,s,,wiki-lte-africa
RE,re-sfr,LTE,B3,capacity,s,,wiki-lte-africa
RE,re-sfr,LTE,B7,capacity,s,,wiki-lte-africa
RE,re-sfr,LTE,B20,coverage,s,,wiki-lte-africa
RE,re-orange,LTE,B3,capacity,s,,wiki-lte-africa
RE,re-free,LTE,B3,capacity,s,,wiki-lte-africa
RE,re-free,LTE,B20,coverage,s,,wiki-lte-africa
RE,re-zeop,LTE,B1,capacity,s,,wiki-lte-africa
RE,re-zeop,LTE,B3,capacity,s,,wiki-lte-africa
RE,re-zeop,LTE,B7,capacity,s,,wiki-lte-africa
VN,vn-viettel,LTE,B1,capacity,x,,kimovil-vn;pt-viettel
VN,vn-viettel,LTE,B3,capacity,x,,kimovil-vn;pt-viettel
VN,vn-viettel,LTE,B8,coverage,s,,kimovil-vn
VN,vn-viettel,LTE,B7,capacity,s,,pt-viettel
VN,vn-viettel,NR,n41,capacity,s,,kimovil-vn
VN,vn-viettel,NR,n78,capacity,s,,kimovil-vn
VN,vn-vinaphone,LTE,B3,capacity,x,,kimovil-vn;pt-vinaphone
VN,vn-vinaphone,LTE,B1,capacity,s,,pt-vinaphone
VN,vn-vinaphone,NR,n41,capacity,s,,kimovil-vn
VN,vn-vinaphone,NR,n78,capacity,s,,kimovil-vn
VN,vn-mobifone,LTE,B3,capacity,x,,kimovil-vn;ow-vn
TH,th-ais,LTE,B1,capacity,s,,kimovil-th
TH,th-ais,LTE,B3,capacity,x,,kimovil-th;pt-ais;bp-ais
TH,th-ais,LTE,B8,coverage,x,,kimovil-th;pt-ais;bp-ais
TH,th-ais,LTE,B28,coverage,s,,kimovil-th
TH,th-ais,LTE,B41,capacity,s,,kimovil-th
TH,th-ais,NR,n1,capacity,s,,kimovil-th
TH,th-ais,NR,n3,capacity,s,,kimovil-th
TH,th-ais,NR,n28,coverage,x,,kimovil-th;pt-ais
TH,th-ais,NR,n41,capacity,x,,kimovil-th;pt-ais
TH,th-true,LTE,B1,capacity,x,,kimovil-th;pt-truemove
TH,th-true,LTE,B3,capacity,x,,kimovil-th;pt-truemove
TH,th-true,LTE,B8,coverage,x,,kimovil-th;pt-truemove
TH,th-true,LTE,B28,coverage,s,,kimovil-th
TH,th-true,LTE,B40,capacity,x,,kimovil-th;pt-truemove
TH,th-true,LTE,B41,capacity,x,,kimovil-th;pt-truemove
TH,th-true,NR,n28,coverage,s,,kimovil-th
TH,th-true,NR,n40,capacity,s,,kimovil-th
TH,th-true,NR,n41,capacity,s,,kimovil-th
TH,th-nt,LTE,B28,coverage,x,,kimovil-th;pt-nt
TH,th-nt,NR,n41,capacity,s,,kimovil-th
MY,my-maxis,LTE,B1,capacity,x,,kimovil-my;fc-my
MY,my-maxis,LTE,B3,capacity,x,,kimovil-my;fc-my
MY,my-maxis,LTE,B7,capacity,x,,kimovil-my;fc-my
MY,my-maxis,LTE,B28,coverage,x,,kimovil-my;fc-my
MY,my-celcomdigi,LTE,B1,capacity,x,,kimovil-my;fc-my
MY,my-celcomdigi,LTE,B3,capacity,x,,kimovil-my;fc-my
MY,my-celcomdigi,LTE,B7,capacity,x,,kimovil-my;fc-my
MY,my-celcomdigi,LTE,B8,coverage,x,,kimovil-my;fc-my
MY,my-celcomdigi,LTE,B28,coverage,x,,kimovil-my;fc-my
MY,my-umobile,LTE,B1,capacity,x,,kimovil-my;fc-my
MY,my-umobile,LTE,B3,capacity,x,,kimovil-my;fc-my
MY,my-umobile,LTE,B7,capacity,x,,kimovil-my;fc-my
MY,my-umobile,LTE,B28,coverage,x,,kimovil-my;fc-my
MY,my-yes,LTE,B20,coverage,x,,kimovil-my;ly-yes
MY,my-yes,LTE,B28,coverage,s,,kimovil-my
MY,my-yes,LTE,B38,capacity,x,,kimovil-my;ly-yes
MY,my-yes,LTE,B40,capacity,x,,kimovil-my;ly-yes
MY,my-unifi,LTE,B5,coverage,x,,kimovil-my;wp-unifi
MY,my-unifi,LTE,B38,capacity,x,,kimovil-my;wp-unifi
MY,my-unifi,LTE,B40,capacity,x,,kimovil-my;wp-unifi
PH,ph-globe,LTE,B3,capacity,x,,kimovil-ph;cm-ph
PH,ph-globe,LTE,B8,coverage,x,,kimovil-ph;cm-ph
PH,ph-globe,LTE,B28,coverage,x,,kimovil-ph;cm-ph
PH,ph-globe,LTE,B38,capacity,x,,kimovil-ph;cm-ph
PH,ph-globe,LTE,B40,capacity,x,,kimovil-ph;cm-ph
PH,ph-globe,LTE,B41,capacity,x,,kimovil-ph;cm-ph
PH,ph-globe,LTE,B1,capacity,s,,cm-ph
PH,ph-globe,NR,n78,capacity,x,,kimovil-ph;cm-ph
PH,ph-globe,NR,n41,capacity,s,,cm-ph
PH,ph-smart,LTE,B1,capacity,x,,kimovil-ph;cm-ph
PH,ph-smart,LTE,B3,capacity,s,,kimovil-ph
PH,ph-smart,LTE,B5,coverage,s,,kimovil-ph
PH,ph-smart,LTE,B28,coverage,s,,kimovil-ph
PH,ph-smart,LTE,B40,capacity,s,,kimovil-ph
PH,ph-smart,LTE,B41,capacity,s,,kimovil-ph
PH,ph-smart,LTE,B42,capacity,s,,kimovil-ph
PH,ph-dito,LTE,B1,capacity,x,,kimovil-ph;cm-dito
PH,ph-dito,LTE,B28,coverage,x,,kimovil-ph;cm-dito
PH,ph-dito,LTE,B41,capacity,x,,kimovil-ph;cm-dito
PH,ph-dito,NR,n78,capacity,x,,kimovil-ph;cm-dito
CO,co-claro,LTE,B2,capacity,x,,kimovil-co;ow-co
CO,co-claro,LTE,B7,capacity,x,,kimovil-co;ow-co
CO,co-claro,LTE,B5,coverage,s,,kimovil-co
CO,co-claro,LTE,B28,coverage,s,,kimovil-co
CO,co-claro,NR,n7,capacity,s,,kimovil-co
CO,co-claro,NR,n28,coverage,s,,kimovil-co
CO,co-claro,NR,n78,capacity,s,,kimovil-co
CO,co-movistar,LTE,B2,capacity,x,,kimovil-co;ow-co
CO,co-movistar,LTE,B4,capacity,x,,kimovil-co;ow-co
CO,co-movistar,LTE,B5,coverage,s,,kimovil-co
CO,co-movistar,NR,n28,coverage,s,,kimovil-co
CO,co-movistar,NR,n78,capacity,s,,kimovil-co
CO,co-tigo,LTE,B2,capacity,x,,kimovil-co;ow-co
CO,co-tigo,LTE,B4,capacity,x,,kimovil-co;ow-co
CO,co-tigo,LTE,B28,coverage,s,,kimovil-co
CO,co-tigo,NR,n3,capacity,s,,kimovil-co
CO,co-tigo,NR,n28,coverage,s,,kimovil-co
CO,co-tigo,NR,n78,capacity,s,,kimovil-co
CO,co-wom,LTE,B4,capacity,x,,kimovil-co;ow-co
CO,co-wom,LTE,B7,capacity,s,,kimovil-co
CO,co-wom,LTE,B28,coverage,s,,kimovil-co
CO,co-wom,NR,n28,coverage,s,,kimovil-co
CO,co-wom,NR,n78,capacity,s,,kimovil-co
PE,pe-claro,LTE,B2,capacity,s,,kimovil-pe
PE,pe-claro,LTE,B7,capacity,x,,kimovil-pe;fc-pe
PE,pe-claro,LTE,B28,coverage,x,,kimovil-pe;fc-pe
PE,pe-claro,LTE,B38,capacity,s,,kimovil-pe
PE,pe-claro,NR,n7,capacity,s,,kimovil-pe
PE,pe-claro,NR,n78,capacity,s,,kimovil-pe
PE,pe-movistar,LTE,B2,capacity,s,,kimovil-pe
PE,pe-movistar,LTE,B4,capacity,x,,kimovil-pe;fc-pe
PE,pe-movistar,LTE,B28,coverage,x,,kimovil-pe;fc-pe
PE,pe-movistar,NR,n78,capacity,s,,kimovil-pe
PE,pe-entel,LTE,B2,capacity,s,,kimovil-pe
PE,pe-entel,LTE,B4,capacity,x,,kimovil-pe;fc-pe
PE,pe-entel,LTE,B28,coverage,x,,kimovil-pe;fc-pe
PE,pe-entel,LTE,B40,capacity,s,,kimovil-pe
PE,pe-entel,NR,n78,capacity,s,,kimovil-pe
PE,pe-bitel,LTE,B2,capacity,s,,kimovil-pe
PE,pe-bitel,LTE,B7,capacity,x,,kimovil-pe;fc-pe
PE,pe-bitel,LTE,B8,coverage,s,,kimovil-pe
PE,pe-bitel,LTE,B40,capacity,s,,kimovil-pe
PE,pe-bitel,LTE,B66,capacity,s,,kimovil-pe
PE,pe-bitel,NR,n66,capacity,s,,kimovil-pe
PE,pe-bitel,NR,n78,capacity,s,,kimovil-pe
CL,cl-entel,LTE,B2,capacity,s,,kimovil-cl
CL,cl-entel,LTE,B7,capacity,x,,kimovil-cl;gsma-b28;ap-cl
CL,cl-entel,LTE,B28,coverage,x,,kimovil-cl;gsma-b28;ap-cl
CL,cl-entel,NR,n28,coverage,s,,kimovil-cl
CL,cl-entel,NR,n78,capacity,s,,kimovil-cl
CL,cl-movistar,LTE,B2,capacity,s,,kimovil-cl
CL,cl-movistar,LTE,B7,capacity,x,,kimovil-cl;gsma-b28;ap-cl
CL,cl-movistar,LTE,B28,coverage,x,,kimovil-cl;gsma-b28;ap-cl
CL,cl-movistar,NR,n28,coverage,s,,kimovil-cl
CL,cl-movistar,NR,n78,capacity,s,,kimovil-cl
CL,cl-claro,LTE,B2,capacity,s,,kimovil-cl
CL,cl-claro,LTE,B4,capacity,s,,kimovil-cl
CL,cl-claro,LTE,B5,coverage,s,,kimovil-cl
CL,cl-claro,LTE,B7,capacity,x,,kimovil-cl;gsma-b28;ap-cl
CL,cl-claro,LTE,B28,coverage,x,,kimovil-cl;gsma-b28;ap-cl
CL,cl-claro,LTE,B66,capacity,s,,kimovil-cl
CL,cl-wom,LTE,B4,capacity,x,,kimovil-cl;ap-cl
CL,cl-wom,LTE,B66,capacity,s,,kimovil-cl
AR,ar-personal,LTE,B4,capacity,x,,kimovil-ar;wp-lte;ts-ar;gsma-b28
AR,ar-personal,LTE,B7,capacity,s,,kimovil-ar
AR,ar-personal,LTE,B28,coverage,x,,kimovil-ar;wp-lte;ts-ar;gsma-b28
AR,ar-personal,NR,n7,capacity,s,,kimovil-ar
AR,ar-personal,NR,n40,capacity,s,,kimovil-ar
AR,ar-personal,NR,n77,capacity,s,,kimovil-ar
AR,ar-claro,LTE,B2,capacity,s,,kimovil-ar
AR,ar-claro,LTE,B4,capacity,x,,kimovil-ar;wp-lte;gsma-b28
AR,ar-claro,LTE,B7,capacity,s,,kimovil-ar
AR,ar-claro,LTE,B28,coverage,x,,kimovil-ar;wp-lte;gsma-b28
AR,ar-claro,NR,n7,capacity,s,,kimovil-ar
AR,ar-claro,NR,n40,capacity,s,,kimovil-ar
AR,ar-claro,NR,n77,capacity,s,,kimovil-ar
AR,ar-movistar,LTE,B1,capacity,s,,kimovil-ar
AR,ar-movistar,LTE,B2,capacity,s,,kimovil-ar
AR,ar-movistar,LTE,B4,capacity,x,,kimovil-ar;wp-lte;ts-ar;gsma-b28
AR,ar-movistar,LTE,B7,capacity,s,,kimovil-ar
AR,ar-movistar,LTE,B26,coverage,s,,kimovil-ar
AR,ar-movistar,LTE,B28,coverage,x,,kimovil-ar;wp-lte;ts-ar;gsma-b28
AR,ar-movistar,NR,n7,capacity,s,,kimovil-ar
AR,ar-movistar,NR,n40,capacity,s,,kimovil-ar
AR,ar-movistar,NR,n78,capacity,s,,kimovil-ar
ZA,za-vodacom,LTE,B3,capacity,x,,kimovil-za
ZA,za-mtn,LTE,B3,capacity,x,,kimovil-za
ZA,za-mtn,LTE,B1,capacity,s,,ma-za
ZA,za-mtn,LTE,B8,coverage,s,,ma-za
ZA,za-telkom,LTE,B40,capacity,x,,kimovil-za
ZA,za-telkom,LTE,B3,capacity,s,,ma-za
ZA,za-rain,LTE,B3,capacity,x,,kimovil-za
ZA,za-rain,LTE,B38,capacity,s,,kimovil-za
OM,om-omantel,LTE,B3,capacity,x,,kimovil-om;pt-omantel;ow-om
OM,om-omantel,LTE,B40,capacity,x,,kimovil-om;pt-omantel;ow-om
OM,om-omantel,NR,n78,capacity,s,,kimovil-om
OM,om-ooredoo,LTE,B3,capacity,x,,kimovil-om;pt-ooredoo-om;ow-om
OM,om-ooredoo,LTE,B20,coverage,x,,kimovil-om;pt-ooredoo-om;ow-om
OM,om-ooredoo,LTE,B40,capacity,s,,pt-ooredoo-om
OM,om-ooredoo,NR,n78,capacity,s,,kimovil-om
OM,om-vodafone,LTE,B3,capacity,s,,kimovil-om
OM,om-vodafone,NR,n28,coverage,s,,kimovil-om
OM,om-vodafone,NR,n38,capacity,s,,kimovil-om
BH,bh-batelco,LTE,B3,capacity,x,,kimovil-bh;pt-batelco;obg-bh
BH,bh-zain,LTE,B3,capacity,x,,kimovil-bh;obg-bh
BH,bh-stc,LTE,B1,capacity,s,,kimovil-bh
BH,bh-stc,LTE,B3,capacity,x,,kimovil-bh;pt-stc-bh
BH,bh-stc,LTE,B20,coverage,x,,kimovil-bh;pt-stc-bh
BH,bh-stc,LTE,B41,capacity,s,,kimovil-bh
HK,hk-csl,LTE,B1,capacity,s,,kimovil-hk
HK,hk-csl,LTE,B3,capacity,x,,kimovil-hk;pt-csl;scmp-hk
HK,hk-csl,LTE,B7,capacity,x,,kimovil-hk;pt-csl;scmp-hk
HK,hk-csl,LTE,B8,coverage,s,,kimovil-hk
HK,hk-smartone,LTE,B1,capacity,x,,kimovil-hk;pt-smartone
HK,hk-smartone,LTE,B3,capacity,x,,kimovil-hk;pt-smartone
HK,hk-smartone,LTE,B7,capacity,x,,kimovil-hk;pt-smartone
HK,hk-smartone,LTE,B8,coverage,x,,kimovil-hk;pt-smartone
HK,hk-smartone,LTE,B40,capacity,s,,kimovil-hk
HK,hk-three,LTE,B1,capacity,s,,kimovil-hk
HK,hk-three,LTE,B3,capacity,x,,kimovil-hk;scmp-hk
HK,hk-three,LTE,B7,capacity,s,,kimovil-hk
HK,hk-three,LTE,B8,coverage,s,,kimovil-hk
HK,hk-three,LTE,B40,capacity,s,,kimovil-hk
HK,hk-chinamobilehongkong,LTE,B1,capacity,s,,kimovil-hk
HK,hk-chinamobilehongkong,LTE,B3,capacity,x,,kimovil-hk;scmp-hk
HK,hk-chinamobilehongkong,LTE,B7,capacity,s,,kimovil-hk
HK,hk-chinamobilehongkong,LTE,B8,coverage,s,,kimovil-hk
HK,hk-chinamobilehongkong,LTE,B40,capacity,s,,kimovil-hk
TW,tw-chunghwatelecom,LTE,B1,capacity,s,,kimovil-tw
TW,tw-chunghwatelecom,LTE,B3,capacity,x,,kimovil-tw;pt-cht
TW,tw-chunghwatelecom,LTE,B7,capacity,x,,kimovil-tw;pt-cht
TW,tw-chunghwatelecom,LTE,B8,coverage,x,,kimovil-tw;pt-cht
TW,tw-fareastone,LTE,B1,capacity,s,,kimovil-tw
TW,tw-fareastone,LTE,B3,capacity,s,,kimovil-tw
TW,tw-fareastone,LTE,B7,capacity,s,,kimovil-tw
TW,tw-fareastone,LTE,B28,coverage,x,,kimovil-tw;mwj-fet
TW,tw-taiwanmobile,LTE,B1,capacity,x,,kimovil-tw;pt-twm
TW,tw-taiwanmobile,LTE,B3,capacity,x,,kimovil-tw;pt-twm
TW,tw-taiwanmobile,LTE,B28,coverage,x,,kimovil-tw;pt-twm
IE,ie-vodafone,LTE,B3,capacity,x,,kimovil-ie;mdb-ie
IE,ie-vodafone,LTE,B20,coverage,x,,kimovil-ie;mdb-ie
IE,ie-vodafone,LTE,B28,coverage,s,,mdb-ie
IE,ie-three,LTE,B3,capacity,x,,kimovil-ie;mdb-ie;wp-three-ie
IE,ie-three,LTE,B20,coverage,x,,kimovil-ie;mdb-ie;wp-three-ie
IE,ie-three,LTE,B28,coverage,x,,kimovil-ie;mdb-ie;wp-three-ie
IE,ie-three,LTE,B1,capacity,s,,wp-three-ie
IE,ie-three,LTE,B7,capacity,s,,wp-three-ie
IE,ie-eir,LTE,B3,capacity,x,,kimovil-ie;mdb-ie;pt-eir
IE,ie-eir,LTE,B20,coverage,x,,kimovil-ie;mdb-ie;pt-eir
IE,ie-eir,LTE,B28,coverage,s,,mdb-ie
IE,ie-eir,LTE,B1,capacity,s,,pt-eir
BE,be-proximus,LTE,B1,capacity,s,,kimovil-be
BE,be-proximus,LTE,B3,capacity,x,,kimovil-be;tj-be
BE,be-proximus,LTE,B7,capacity,x,,kimovil-be;tj-be
BE,be-proximus,LTE,B8,coverage,s,,kimovil-be
BE,be-proximus,LTE,B20,coverage,x,,kimovil-be;tj-be
BE,be-proximus,NR,n1,capacity,s,,kimovil-be
BE,be-proximus,NR,n78,capacity,s,,kimovil-be
BE,be-base,LTE,B1,capacity,s,,kimovil-be
BE,be-base,LTE,B3,capacity,x,,kimovil-be;tj-be;pt-base
BE,be-base,LTE,B7,capacity,x,,kimovil-be;tj-be;pt-base
BE,be-base,LTE,B8,coverage,s,,kimovil-be
BE,be-base,LTE,B20,coverage,x,,kimovil-be;tj-be;pt-base
BE,be-base,NR,n1,capacity,s,,kimovil-be
BE,be-orange,LTE,B1,capacity,s,,kimovil-be
BE,be-orange,LTE,B3,capacity,x,,kimovil-be;tj-be
BE,be-orange,LTE,B7,capacity,x,,kimovil-be;tj-be
BE,be-orange,LTE,B20,coverage,x,,kimovil-be;tj-be
BE,be-orange,NR,n28,coverage,s,,kimovil-be
BE,be-orange,NR,n78,capacity,s,,kimovil-be
CH,ch-swisscom,LTE,B3,capacity,x,,kimovil-ch;pedro-swisscom
CH,ch-swisscom,LTE,B7,capacity,x,,kimovil-ch;pedro-swisscom
CH,ch-swisscom,LTE,B20,coverage,x,,kimovil-ch;pedro-swisscom
CH,ch-swisscom,LTE,B38,capacity,s,,kimovil-ch
CH,ch-swisscom,LTE,B1,capacity,s,,pedro-swisscom
CH,ch-sunrise,LTE,B3,capacity,x,,kimovil-ch;pt-sunrise
CH,ch-sunrise,LTE,B7,capacity,x,,kimovil-ch;pt-sunrise
CH,ch-sunrise,LTE,B20,coverage,x,,kimovil-ch;pt-sunrise
CH,ch-sunrise,LTE,B28,coverage,x,,kimovil-ch;pt-sunrise
CH,ch-salt,LTE,B1,capacity,x,,kimovil-ch;pt-salt
CH,ch-salt,LTE,B3,capacity,x,,kimovil-ch;pt-salt
CH,ch-salt,LTE,B7,capacity,x,,kimovil-ch;pt-salt
CH,ch-salt,LTE,B20,coverage,x,,kimovil-ch;pt-salt
CH,ch-salt,NR,n28,coverage,s,,kimovil-ch
CH,ch-salt,NR,n78,capacity,s,,kimovil-ch
AT,at-a1,LTE,B1,capacity,x,,kimovil-at;pt-a1;mdb-at
AT,at-a1,LTE,B3,capacity,x,,kimovil-at;pt-a1;mdb-at
AT,at-a1,LTE,B7,capacity,x,,kimovil-at;pt-a1;mdb-at
AT,at-a1,LTE,B20,coverage,x,,kimovil-at;pt-a1;mdb-at
AT,at-magenta,LTE,B1,capacity,x,,kimovil-at;mdb-at
AT,at-magenta,LTE,B3,capacity,x,,kimovil-at;mdb-at
AT,at-magenta,LTE,B7,capacity,x,,kimovil-at;mdb-at
AT,at-magenta,LTE,B20,coverage,x,,kimovil-at;mdb-at
AT,at-magenta,LTE,B28,coverage,x,,kimovil-at;mdb-at
AT,at-drei,LTE,B1,capacity,x,,kimovil-at;mdb-at
AT,at-drei,LTE,B3,capacity,x,,kimovil-at;mdb-at
AT,at-drei,LTE,B7,capacity,x,,kimovil-at;mdb-at
AT,at-drei,LTE,B8,coverage,x,,kimovil-at;mdb-at
AT,at-drei,LTE,B28,coverage,x,,kimovil-at;mdb-at
AT,at-drei,LTE,B38,capacity,x,,kimovil-at;mdb-at
AT,at-drei,LTE,B20,coverage,s,,mdb-at
PT,pt-meo,LTE,B1,capacity,s,,kimovil-pt
PT,pt-meo,LTE,B3,capacity,x,,kimovil-pt;pt-meo
PT,pt-meo,LTE,B7,capacity,x,,kimovil-pt;pt-meo
PT,pt-meo,LTE,B8,coverage,s,,kimovil-pt
PT,pt-meo,LTE,B20,coverage,x,,kimovil-pt;pt-meo
PT,pt-nos,LTE,B1,capacity,s,,kimovil-pt
PT,pt-nos,LTE,B3,capacity,x,,kimovil-pt;pds-pt
PT,pt-nos,LTE,B7,capacity,x,,kimovil-pt;pds-pt
PT,pt-nos,LTE,B8,coverage,s,,kimovil-pt
PT,pt-nos,LTE,B20,coverage,x,,kimovil-pt;pds-pt
PT,pt-vodafone,LTE,B1,capacity,x,,kimovil-pt;pt-vfpt
PT,pt-vodafone,LTE,B3,capacity,x,,kimovil-pt;lr-vfpt
PT,pt-vodafone,LTE,B7,capacity,x,,kimovil-pt;lr-vfpt
PT,pt-vodafone,LTE,B8,coverage,x,,kimovil-pt;pt-vfpt
PT,pt-vodafone,LTE,B20,coverage,x,,kimovil-pt;lr-vfpt
PT,pt-vodafone,LTE,B38,capacity,s,,kimovil-pt
PT,pt-vodafone,NR,n28,coverage,s,,kimovil-pt
PT,pt-vodafone,NR,n78,capacity,s,,kimovil-pt
PT,pt-digi,LTE,B1,capacity,s,,kimovil-pt
PT,pt-digi,LTE,B3,capacity,x,,kimovil-pt;tx-digi
PT,pt-digi,LTE,B7,capacity,x,,kimovil-pt;tx-digi
PT,pt-digi,LTE,B8,coverage,s,,kimovil-pt
PT,pt-digi,LTE,B20,coverage,s,,kimovil-pt
SE,se-telia,LTE,B3,capacity,x,,kimovil-se;ow-se
SE,se-telia,LTE,B7,capacity,x,,kimovil-se;ow-se
SE,se-telia,LTE,B20,coverage,x,,kimovil-se;ow-se
SE,se-telia,LTE,B28,coverage,s,,kimovil-se
SE,se-tele2,LTE,B3,capacity,x,,kimovil-se;kth-se
SE,se-tele2,LTE,B7,capacity,x,,kimovil-se;kth-se
SE,se-tele2,LTE,B8,coverage,x,,kimovil-se;kth-se
SE,se-tele2,LTE,B20,coverage,x,,kimovil-se;kth-se
SE,se-tele2,LTE,B28,coverage,s,,kimovil-se
SE,se-telenor,LTE,B3,capacity,x,,kimovil-se;kth-se
SE,se-telenor,LTE,B7,capacity,x,,kimovil-se;kth-se
SE,se-telenor,LTE,B8,coverage,x,,kimovil-se;kth-se
SE,se-telenor,LTE,B20,coverage,x,,kimovil-se;kth-se
SE,se-telenor,LTE,B28,coverage,s,,kimovil-se
SE,se-tre,LTE,B1,capacity,x,,kimovil-se;ow-se
SE,se-tre,LTE,B7,capacity,x,,kimovil-se;ow-se
SE,se-tre,LTE,B20,coverage,x,,kimovil-se;ow-se
SE,se-tre,LTE,B38,capacity,x,,kimovil-se;ow-se
DK,dk-tdc,LTE,B1,capacity,s,,kimovil-dk
DK,dk-tdc,LTE,B3,capacity,s,,kimovil-dk
DK,dk-tdc,LTE,B7,capacity,x,,kimovil-dk;mr-dk
DK,dk-tdc,LTE,B20,coverage,x,,kimovil-dk;mr-dk
DK,dk-tdc,LTE,B28,coverage,s,,kimovil-dk
DK,dk-tdc,LTE,B40,capacity,s,,kimovil-dk
DK,dk-telenor,LTE,B1,capacity,x,,kimovil-dk;rcr-dk;tc-dk
DK,dk-telenor,LTE,B3,capacity,x,,kimovil-dk;rcr-dk;tc-dk
DK,dk-telenor,LTE,B7,capacity,x,,kimovil-dk;rcr-dk;tc-dk
DK,dk-telenor,LTE,B8,coverage,s,,kimovil-dk
DK,dk-telenor,LTE,B20,coverage,x,,kimovil-dk;rcr-dk;tc-dk
DK,dk-telenor,LTE,B28,coverage,s,,kimovil-dk
DK,dk-telia,LTE,B1,capacity,s,,kimovil-dk
DK,dk-telia,LTE,B3,capacity,x,,kimovil-dk;tc-dk
DK,dk-telia,LTE,B7,capacity,x,,kimovil-dk;tc-dk
DK,dk-telia,LTE,B8,coverage,s,,kimovil-dk
DK,dk-telia,LTE,B20,coverage,x,,kimovil-dk;tc-dk
DK,dk-telia,LTE,B28,coverage,s,,kimovil-dk
DK,dk-three,LTE,B1,capacity,s,,kimovil-dk
DK,dk-three,LTE,B3,capacity,x,,kimovil-dk;mr-dk
DK,dk-three,LTE,B7,capacity,x,,kimovil-dk;mr-dk
DK,dk-three,LTE,B8,coverage,s,,kimovil-dk
DK,dk-three,LTE,B28,coverage,s,,kimovil-dk
DK,dk-three,LTE,B38,capacity,s,,kimovil-dk
NO,no-telenor,LTE,B3,capacity,x,,kimovil-no;ow-no
NO,no-telenor,LTE,B7,capacity,x,,kimovil-no;ow-no
NO,no-telenor,LTE,B20,coverage,x,,kimovil-no;ow-no
NO,no-telia,LTE,B3,capacity,x,,kimovil-no;ow-no
NO,no-telia,LTE,B7,capacity,x,,kimovil-no;ow-no
NO,no-telia,LTE,B20,coverage,x,,kimovil-no;ow-no
NO,no-telia,NR,n28,coverage,s,,kimovil-no
NO,no-ice,LTE,B3,capacity,x,,kimovil-no;pt-ice
NO,no-ice,LTE,B20,coverage,x,,kimovil-no;pt-ice
NO,no-ice,LTE,B8,coverage,s,,pt-ice
NO,no-ice,NR,n28,coverage,s,,kimovil-no
NO,no-ice,NR,n1,capacity,s,,pt-ice
RO,ro-orange,LTE,B1,capacity,s,,wiki-lte-eu
RO,ro-orange,LTE,B3,capacity,x,,wiki-lte-eu;kimovil-ro
RO,ro-orange,LTE,B7,capacity,x,,wiki-lte-eu;kimovil-ro
RO,ro-orange,LTE,B20,coverage,x,,wiki-lte-eu;kimovil-ro
RO,ro-orange,LTE,B28,coverage,x,,wiki-lte-eu;kimovil-ro
RO,ro-orange,LTE,B32,capacity,s,,wiki-lte-eu
RO,ro-orange,NR,n1,capacity,x,,wiki-lte-eu;dt-5g-roam
RO,ro-orange,NR,n28,coverage,x,,wiki-lte-eu;dt-5g-roam
RO,ro-vodafone,LTE,B1,capacity,s,,wiki-lte-eu
RO,ro-vodafone,LTE,B3,capacity,x,,wiki-lte-eu;kimovil-ro
RO,ro-vodafone,LTE,B20,coverage,x,,wiki-lte-eu;kimovil-ro
RO,ro-vodafone,LTE,B38,capacity,s,,kimovil-ro
RO,ro-vodafone,NR,n1,capacity,s,,wiki-lte-eu
RO,ro-digi,LTE,B1,capacity,x,,wiki-lte-eu;kimovil-ro
RO,ro-digi,LTE,B7,capacity,x,,wiki-lte-eu;kimovil-ro
RO,ro-digi,LTE,B20,coverage,x,,wiki-lte-eu;kimovil-ro
RO,ro-digi,LTE,B38,capacity,x,,wiki-lte-eu;kimovil-ro
RO,ro-digi,LTE,B8,coverage,s,,kimovil-ro
RO,ro-digi,NR,n78,capacity,s,,giztop-nr
RO,ro-telekom,LTE,B1,capacity,s,,wiki-lte-eu
RO,ro-telekom,LTE,B3,capacity,x,,wiki-lte-eu;kimovil-ro
RO,ro-telekom,LTE,B7,capacity,s,,wiki-lte-eu
RO,ro-telekom,LTE,B8,coverage,s,,wiki-lte-eu
RO,ro-telekom,LTE,B20,coverage,s,,wiki-lte-eu
CZ,cz-t-mobile,LTE,B1,capacity,x,,wiki-lte-eu;kimovil-cz
CZ,cz-t-mobile,LTE,B3,capacity,x,,wiki-lte-eu;kimovil-cz
CZ,cz-t-mobile,LTE,B7,capacity,x,,wiki-lte-eu;kimovil-cz
CZ,cz-t-mobile,LTE,B20,coverage,x,,wiki-lte-eu;kimovil-cz
CZ,cz-t-mobile,LTE,B28,coverage,x,,wiki-lte-eu;kimovil-cz
CZ,cz-t-mobile,LTE,B38,capacity,s,,wiki-lte-eu
CZ,cz-t-mobile,NR,n1,capacity,s,,giztop-nr
CZ,cz-t-mobile,NR,n3,capacity,s,,giztop-nr
CZ,cz-t-mobile,NR,n28,coverage,s,,giztop-nr
CZ,cz-t-mobile,NR,n78,capacity,s,,giztop-nr
CZ,cz-o2,LTE,B1,capacity,s,,wiki-lte-eu
CZ,cz-o2,LTE,B3,capacity,x,,wiki-lte-eu;kimovil-cz
CZ,cz-o2,LTE,B7,capacity,x,,wiki-lte-eu;kimovil-cz
CZ,cz-o2,LTE,B8,coverage,s,,wiki-lte-eu
CZ,cz-o2,LTE,B20,coverage,x,,wiki-lte-eu;kimovil-cz
CZ,cz-o2,LTE,B28,coverage,x,,wiki-lte-eu;kimovil-cz
CZ,cz-o2,LTE,B38,capacity,s,,wiki-lte-eu
CZ,cz-o2,NR,n1,capacity,s,,giztop-nr
CZ,cz-o2,NR,n3,capacity,s,,giztop-nr
CZ,cz-o2,NR,n28,coverage,s,,giztop-nr
CZ,cz-o2,NR,n78,capacity,s,,giztop-nr
CZ,cz-vodafone,LTE,B1,capacity,x,,wiki-lte-eu;kimovil-cz
CZ,cz-vodafone,LTE,B3,capacity,x,,wiki-lte-eu;kimovil-cz
CZ,cz-vodafone,LTE,B7,capacity,x,,wiki-lte-eu;kimovil-cz
CZ,cz-vodafone,LTE,B20,coverage,x,,wiki-lte-eu;kimovil-cz
CZ,cz-vodafone,LTE,B28,coverage,x,,wiki-lte-eu;kimovil-cz
CZ,cz-vodafone,NR,n1,capacity,s,,giztop-nr
CZ,cz-vodafone,NR,n3,capacity,s,,giztop-nr
CZ,cz-vodafone,NR,n28,coverage,s,,giztop-nr
CZ,cz-vodafone,NR,n78,capacity,s,,giztop-nr
FI,fi-dna,LTE,B1,capacity,s,,wiki-lte-eu
FI,fi-dna,LTE,B3,capacity,s,,wiki-lte-eu
FI,fi-dna,LTE,B7,capacity,s,,wiki-lte-eu
FI,fi-dna,LTE,B20,coverage,s,,wiki-lte-eu
FI,fi-dna,LTE,B28,coverage,s,,wiki-lte-eu
FI,fi-dna,NR,n28,coverage,s,,giztop-nr
FI,fi-dna,NR,n78,capacity,s,,giztop-nr
FI,fi-elisa,LTE,B1,capacity,s,,wiki-lte-eu
FI,fi-elisa,LTE,B3,capacity,s,,wiki-lte-eu
FI,fi-elisa,LTE,B7,capacity,s,,wiki-lte-eu
FI,fi-elisa,LTE,B20,coverage,s,,wiki-lte-eu
FI,fi-elisa,LTE,B28,coverage,s,,wiki-lte-eu
FI,fi-elisa,LTE,B38,capacity,s,,wiki-lte-eu
FI,fi-elisa,NR,n28,coverage,s,,giztop-nr
FI,fi-elisa,NR,n78,capacity,s,,giztop-nr
FI,fi-telia,LTE,B1,capacity,s,,wiki-lte-eu
FI,fi-telia,LTE,B3,capacity,s,,wiki-lte-eu
FI,fi-telia,LTE,B7,capacity,s,,wiki-lte-eu
FI,fi-telia,LTE,B20,coverage,s,,wiki-lte-eu
FI,fi-telia,LTE,B28,coverage,s,,wiki-lte-eu
FI,fi-telia,NR,n28,coverage,s,,giztop-nr
FI,fi-telia,NR,n78,capacity,s,,giztop-nr
GR,gr-cosmote,LTE,B1,capacity,s,,wiki-lte-eu
GR,gr-cosmote,LTE,B3,capacity,s,,wiki-lte-eu
GR,gr-cosmote,LTE,B7,capacity,s,,wiki-lte-eu
GR,gr-cosmote,LTE,B20,coverage,s,,wiki-lte-eu
GR,gr-cosmote,LTE,B28,coverage,s,,wiki-lte-eu
GR,gr-cosmote,LTE,B38,capacity,s,,wiki-lte-eu
GR,gr-cosmote,NR,n1,capacity,x,,giztop-nr;dt-5g-roam
GR,gr-cosmote,NR,n28,coverage,x,,giztop-nr;dt-5g-roam
GR,gr-cosmote,NR,n78,capacity,x,,giztop-nr;dt-5g-roam
GR,gr-vodafone,LTE,B1,capacity,s,,wiki-lte-eu
GR,gr-vodafone,LTE,B3,capacity,s,,wiki-lte-eu
GR,gr-vodafone,LTE,B7,capacity,s,,wiki-lte-eu
GR,gr-vodafone,LTE,B20,coverage,s,,wiki-lte-eu
GR,gr-vodafone,LTE,B28,coverage,s,,wiki-lte-eu
GR,gr-vodafone,LTE,B38,capacity,s,,wiki-lte-eu
GR,gr-vodafone,NR,n28,coverage,s,,giztop-nr
GR,gr-vodafone,NR,n78,capacity,s,,giztop-nr
GR,gr-nova,LTE,B1,capacity,s,,wiki-lte-eu
GR,gr-nova,LTE,B3,capacity,s,,wiki-lte-eu
GR,gr-nova,LTE,B7,capacity,s,,wiki-lte-eu
GR,gr-nova,LTE,B20,coverage,s,,wiki-lte-eu
GR,gr-nova,LTE,B28,coverage,s,,wiki-lte-eu
HU,hu-magyar-telekom,LTE,B1,capacity,x,,wiki-lte-eu;fc-telekom-hu
HU,hu-magyar-telekom,LTE,B3,capacity,x,,wiki-lte-eu;fc-telekom-hu;kimovil-hu
HU,hu-magyar-telekom,LTE,B7,capacity,x,,wiki-lte-eu;fc-telekom-hu;kimovil-hu
HU,hu-magyar-telekom,LTE,B20,coverage,x,,wiki-lte-eu;fc-telekom-hu;kimovil-hu
HU,hu-magyar-telekom,LTE,B28,coverage,x,,wiki-lte-eu;fc-telekom-hu;kimovil-hu
HU,hu-magyar-telekom,NR,n1,capacity,x,,giztop-nr;fc-telekom-hu
HU,hu-magyar-telekom,NR,n28,coverage,x,,giztop-nr;fc-telekom-hu
HU,hu-magyar-telekom,NR,n78,capacity,x,,giztop-nr;fc-telekom-hu
HU,hu-vodafone,LTE,B1,capacity,s,,wiki-lte-eu
HU,hu-vodafone,LTE,B3,capacity,x,,wiki-lte-eu;kimovil-hu
HU,hu-vodafone,LTE,B7,capacity,x,,wiki-lte-eu;kimovil-hu
HU,hu-vodafone,LTE,B20,coverage,x,,wiki-lte-eu;kimovil-hu
HU,hu-vodafone,LTE,B28,coverage,x,,wiki-lte-eu;kimovil-hu
HU,hu-vodafone,LTE,B38,capacity,s,,wiki-lte-eu
HU,hu-vodafone,NR,n1,capacity,x,,wiki-lte-eu;giztop-nr
HU,hu-vodafone,NR,n28,coverage,x,,wiki-lte-eu;giztop-nr
HU,hu-vodafone,NR,n78,capacity,x,,wiki-lte-eu;giztop-nr
HU,hu-yettel,LTE,B1,capacity,s,,wiki-lte-eu
HU,hu-yettel,LTE,B3,capacity,x,,wiki-lte-eu;kimovil-hu
HU,hu-yettel,LTE,B7,capacity,x,,wiki-lte-eu;kimovil-hu
HU,hu-yettel,LTE,B8,coverage,s,,wiki-lte-eu
HU,hu-yettel,LTE,B20,coverage,x,,wiki-lte-eu;kimovil-hu
HU,hu-yettel,LTE,B28,coverage,x,,wiki-lte-eu;kimovil-hu
HU,hu-yettel,NR,n1,capacity,x,,wiki-lte-eu;giztop-nr
HU,hu-yettel,NR,n28,coverage,x,,wiki-lte-eu;giztop-nr
HU,hu-yettel,NR,n78,capacity,x,,wiki-lte-eu;giztop-nr
SK,sk-telekom,LTE,B1,capacity,s,,wiki-lte-eu
SK,sk-telekom,LTE,B3,capacity,s,,wiki-lte-eu
SK,sk-telekom,LTE,B7,capacity,s,,wiki-lte-eu
SK,sk-telekom,LTE,B20,coverage,s,,wiki-lte-eu
SK,sk-telekom,LTE,B28,coverage,s,,wiki-lte-eu
SK,sk-telekom,LTE,B38,capacity,s,,wiki-lte-eu
SK,sk-telekom,NR,n1,capacity,s,,dt-5g-roam
SK,sk-orange,LTE,B3,capacity,s,,wiki-lte-eu
SK,sk-orange,LTE,B7,capacity,s,,wiki-lte-eu
SK,sk-orange,LTE,B20,coverage,s,,wiki-lte-eu
SK,sk-orange,LTE,B28,coverage,s,,wiki-lte-eu
SK,sk-o2,LTE,B3,capacity,s,,wiki-lte-eu
SK,sk-o2,LTE,B20,coverage,s,,wiki-lte-eu
SK,sk-o2,LTE,B28,coverage,s,,wiki-lte-eu
SK,sk-4ka,LTE,B3,capacity,s,,wiki-lte-eu
BG,bg-a1,LTE,B1,capacity,s,,wiki-lte-eu
BG,bg-a1,LTE,B3,capacity,s,,wiki-lte-eu
BG,bg-a1,LTE,B7,capacity,s,,wiki-lte-eu
BG,bg-a1,LTE,B8,coverage,s,,wiki-lte-eu
BG,bg-a1,LTE,B20,coverage,s,,wiki-lte-eu
BG,bg-a1,NR,n28,coverage,s,,wiki-lte-eu
BG,bg-yettel,LTE,B1,capacity,s,,wiki-lte-eu
BG,bg-yettel,LTE,B3,capacity,s,,wiki-lte-eu
BG,bg-yettel,LTE,B7,capacity,s,,wiki-lte-eu
BG,bg-yettel,LTE,B20,coverage,s,,wiki-lte-eu
BG,bg-yettel,NR,n1,capacity,x,,wiki-lte-eu;dt-5g-roam
BG,bg-yettel,NR,n3,capacity,x,,wiki-lte-eu;dt-5g-roam
BG,bg-yettel,NR,n28,coverage,x,,wiki-lte-eu;dt-5g-roam
BG,bg-vivacom,LTE,B1,capacity,s,,wiki-lte-eu
BG,bg-vivacom,LTE,B3,capacity,s,,wiki-lte-eu
BG,bg-vivacom,LTE,B7,capacity,s,,wiki-lte-eu
BG,bg-vivacom,LTE,B8,coverage,s,,wiki-lte-eu
BG,bg-vivacom,LTE,B20,coverage,s,,wiki-lte-eu
BG,bg-vivacom,LTE,B28,coverage,s,,wiki-lte-eu
BG,bg-vivacom,NR,n1,capacity,x,,wiki-lte-eu;dt-5g-roam
BG,bg-vivacom,NR,n3,capacity,x,,wiki-lte-eu;dt-5g-roam
HR,hr-hrvatski-telekom,LTE,B3,capacity,s,,wiki-lte-eu
HR,hr-hrvatski-telekom,LTE,B7,capacity,s,,wiki-lte-eu
HR,hr-hrvatski-telekom,LTE,B20,coverage,s,,wiki-lte-eu
HR,hr-hrvatski-telekom,LTE,B28,coverage,s,,wiki-lte-eu
HR,hr-hrvatski-telekom,NR,n1,capacity,x,,giztop-nr;dt-5g-roam
HR,hr-hrvatski-telekom,NR,n78,capacity,x,,giztop-nr;dt-5g-roam
HR,hr-a1,LTE,B3,capacity,s,,wiki-lte-eu
HR,hr-a1,LTE,B7,capacity,s,,wiki-lte-eu
HR,hr-a1,LTE,B20,coverage,s,,wiki-lte-eu
HR,hr-a1,LTE,B28,coverage,s,,wiki-lte-eu
HR,hr-telemach,LTE,B3,capacity,s,,wiki-lte-eu
HR,hr-telemach,LTE,B7,capacity,s,,wiki-lte-eu
HR,hr-telemach,LTE,B28,coverage,s,,wiki-lte-eu
SI,si-telekom-slovenije,LTE,B1,capacity,s,,wiki-lte-eu
SI,si-telekom-slovenije,LTE,B3,capacity,s,,wiki-lte-eu
SI,si-telekom-slovenije,LTE,B7,capacity,s,,wiki-lte-eu
SI,si-telekom-slovenije,LTE,B8,coverage,s,,wiki-lte-eu
SI,si-telekom-slovenije,LTE,B20,coverage,s,,wiki-lte-eu
SI,si-telekom-slovenije,LTE,B38,capacity,s,,wiki-lte-eu
SI,si-a1,LTE,B1,capacity,s,,wiki-lte-eu
SI,si-a1,LTE,B3,capacity,s,,wiki-lte-eu
SI,si-a1,LTE,B7,capacity,s,,wiki-lte-eu
SI,si-a1,LTE,B8,coverage,s,,wiki-lte-eu
SI,si-a1,LTE,B20,coverage,s,,wiki-lte-eu
SI,si-a1,LTE,B38,capacity,s,,wiki-lte-eu
SI,si-telemach,LTE,B3,capacity,s,,wiki-lte-eu
SI,si-telemach,LTE,B20,coverage,s,,wiki-lte-eu
LT,lt-telia,LTE,B1,capacity,s,,wiki-lte-eu
LT,lt-telia,LTE,B3,capacity,s,,wiki-lte-eu
LT,lt-telia,LTE,B7,capacity,s,,wiki-lte-eu
LT,lt-telia,LTE,B8,coverage,s,,wiki-lte-eu
LT,lt-telia,LTE,B20,coverage,s,,wiki-lte-eu
LT,lt-telia,LTE,B28,coverage,s,,wiki-lte-eu
LT,lt-bite,LTE,B3,capacity,s,,wiki-lte-eu
LT,lt-bite,LTE,B7,capacity,s,,wiki-lte-eu
LT,lt-bite,LTE,B20,coverage,s,,wiki-lte-eu
LT,lt-bite,LTE,B28,coverage,s,,wiki-lte-eu
LT,lt-bite,LTE,B38,capacity,s,,wiki-lte-eu
LT,lt-bite,LTE,B40,capacity,s,,wiki-lte-eu
LT,lt-tele2,LTE,B3,capacity,s,,wiki-lte-eu
LT,lt-tele2,LTE,B7,capacity,s,,wiki-lte-eu
LT,lt-tele2,LTE,B20,coverage,s,,wiki-lte-eu
LT,lt-tele2,LTE,B28,coverage,s,,wiki-lte-eu
LV,lv-lmt,LTE,B3,capacity,s,,wiki-lte-eu
LV,lv-lmt,LTE,B7,capacity,s,,wiki-lte-eu
LV,lv-lmt,LTE,B20,coverage,s,,wiki-lte-eu
LV,lv-lmt,LTE,B32,capacity,s,,wiki-lte-eu
LV,lv-lmt,LTE,B38,capacity,s,,wiki-lte-eu
LV,lv-lmt,LTE,B40,capacity,s,,wiki-lte-eu
LV,lv-lmt,NR,n28,coverage,s,,giztop-nr
LV,lv-lmt,NR,n78,capacity,s,,giztop-nr
LV,lv-tele2,LTE,B3,capacity,s,,wiki-lte-eu
LV,lv-tele2,LTE,B7,capacity,s,,wiki-lte-eu
LV,lv-tele2,LTE,B20,coverage,s,,wiki-lte-eu
LV,lv-tele2,LTE,B32,capacity,s,,wiki-lte-eu
LV,lv-tele2,NR,n28,coverage,s,,giztop-nr
LV,lv-tele2,NR,n78,capacity,s,,giztop-nr
LV,lv-bite,LTE,B3,capacity,s,,wiki-lte-eu
LV,lv-bite,LTE,B7,capacity,s,,wiki-lte-eu
LV,lv-bite,LTE,B20,coverage,s,,wiki-lte-eu
LV,lv-bite,LTE,B32,capacity,s,,wiki-lte-eu
LV,lv-bite,LTE,B40,capacity,s,,wiki-lte-eu
EE,ee-telia,LTE,B1,capacity,s,,wiki-lte-eu
EE,ee-telia,LTE,B3,capacity,s,,wiki-lte-eu
EE,ee-telia,LTE,B7,capacity,s,,wiki-lte-eu
EE,ee-telia,LTE,B20,coverage,s,,wiki-lte-eu
EE,ee-telia,LTE,B38,capacity,s,,wiki-lte-eu
EE,ee-telia,NR,n1,capacity,s,,wiki-lte-eu
EE,ee-telia,NR,n28,coverage,s,,wiki-lte-eu
EE,ee-elisa,LTE,B1,capacity,s,,wiki-lte-eu
EE,ee-elisa,LTE,B3,capacity,s,,wiki-lte-eu
EE,ee-elisa,LTE,B7,capacity,s,,wiki-lte-eu
EE,ee-elisa,LTE,B20,coverage,s,,wiki-lte-eu
EE,ee-elisa,NR,n28,coverage,s,,wiki-lte-eu
EE,ee-tele2,LTE,B1,capacity,s,,wiki-lte-eu
EE,ee-tele2,LTE,B3,capacity,s,,wiki-lte-eu
EE,ee-tele2,LTE,B20,coverage,s,,wiki-lte-eu
EE,ee-tele2,LTE,B40,capacity,s,,wiki-lte-eu
EE,ee-tele2,NR,n28,coverage,s,,wiki-lte-eu
EE,ee-tele2,NR,n40,capacity,s,,wiki-lte-eu
LU,lu-post,LTE,B3,capacity,s,,wiki-lte-eu
LU,lu-post,LTE,B7,capacity,s,,wiki-lte-eu
LU,lu-post,LTE,B20,coverage,s,,wiki-lte-eu
LU,lu-post,LTE,B28,coverage,s,,wiki-lte-eu
LU,lu-orange,LTE,B3,capacity,s,,wiki-lte-eu
LU,lu-orange,LTE,B7,capacity,s,,wiki-lte-eu
LU,lu-orange,LTE,B20,coverage,s,,wiki-lte-eu
LU,lu-orange,LTE,B28,coverage,s,,wiki-lte-eu
LU,lu-tango,LTE,B3,capacity,s,,wiki-lte-eu
LU,lu-tango,LTE,B7,capacity,s,,wiki-lte-eu
LU,lu-tango,LTE,B20,coverage,s,,wiki-lte-eu
LU,lu-tango,LTE,B28,coverage,s,,wiki-lte-eu
CY,cy-cyta,LTE,B3,capacity,s,,wiki-lte-eu
CY,cy-cyta,LTE,B7,capacity,s,,wiki-lte-eu
CY,cy-cyta,LTE,B20,coverage,s,,wiki-lte-eu
CY,cy-cyta,LTE,B38,capacity,s,,wiki-lte-eu
CY,cy-epic,LTE,B3,capacity,s,,wiki-lte-eu
CY,cy-epic,LTE,B7,capacity,s,,wiki-lte-eu
CY,cy-epic,LTE,B20,coverage,s,,wiki-lte-eu
CY,cy-epic,LTE,B38,capacity,s,,wiki-lte-eu
CY,cy-primetel,LTE,B3,capacity,s,,wiki-lte-eu
MT,mt-go,LTE,B3,capacity,s,,wiki-lte-eu
MT,mt-go,LTE,B7,capacity,s,,wiki-lte-eu
MT,mt-go,LTE,B20,coverage,s,,wiki-lte-eu
MT,mt-epic,LTE,B3,capacity,s,,wiki-lte-eu
MT,mt-epic,LTE,B7,capacity,s,,wiki-lte-eu
MT,mt-epic,LTE,B20,coverage,s,,wiki-lte-eu
MT,mt-melita,LTE,B1,capacity,s,,wiki-lte-eu
MT,mt-melita,LTE,B20,coverage,s,,wiki-lte-eu
IS,is-siminn,LTE,B3,capacity,s,,wiki-lte-eu
IS,is-siminn,LTE,B7,capacity,s,,wiki-lte-eu
IS,is-siminn,LTE,B28,coverage,s,,wiki-lte-eu
IS,is-nova,LTE,B1,capacity,s,,wiki-lte-eu
IS,is-nova,LTE,B3,capacity,s,,wiki-lte-eu
IS,is-nova,LTE,B7,capacity,s,,wiki-lte-eu
IS,is-nova,LTE,B20,coverage,s,,wiki-lte-eu
IS,is-syn,LTE,B1,capacity,s,,wiki-lte-eu
IS,is-syn,LTE,B3,capacity,s,,wiki-lte-eu
IS,is-syn,LTE,B7,capacity,s,,wiki-lte-eu
IS,is-syn,LTE,B20,coverage,s,,wiki-lte-eu
