id,grade,publisher,title,title_zh,url,date
gcf-e3372h320,A,Global Certification Forum,GCF certification record 8575: Huawei E3372h-320 (bands certified on 2020-01-08),全球认证论坛 GCF 认证记录 8575：华为 E3372h-320（2020-01-08 认证的频段）,https://www.globalcertificationforum.org/pub_product/8575.html,2020-01-08
so-e3372h320,C,SincereOne,Huawei E3372h-320 listing (bands),SincereOne：华为 E3372h-320 商品页（频段）,https://sincereonetech.com/products/huawei-e3372h-320-4g-lte-usb-modem/,2026-10-03
gt-g771e,C,Gotronik,"USR-G771-E listing (bands, links to the maker’s datasheet)",Gotronik：USR-G771-E 商品页（频段，附厂商规格书链接）,https://gotronik.pl/modem-komunikacyjny-lte-cat-1-usr-g771-e-kartapdf-11767.html,2025-04-19
usr-dr154-ds,A,USR IOT (PUSR),USR-DR154 series datasheet: bands of the -E and Chinese versions,有人物联网 USR-DR154 系列规格书：-E 版与国内版频段,https://cdn.soselectronic.com/productdata/89/13/f8e6a8f1/usr-dr154-e.pdf,2025
sos-dr154e,C,SOS electronic,USR-DR154-E: 4G LTE Cat 1 modem with European bands,SOS electronic：USR-DR154-E（欧洲频段的 4G Cat 1 DTU）,https://www.soselectronic.com/en-es/articles/usr-iot/usr-iot-usr-dr154-e-3052,2026-10-03
mouser-ec25,A,Quectel,"EC25 Series specification (bands of every variant), as published by Mouser",移远 EC25 系列规格书（各版本频段，贸泽电子转载）,https://www.mouser.com/datasheet/2/1052/QWSC_S_A0011628524_1-2576220.pdf,2020
dt-ec25-var,A,Quectel,"EC25 variants and their bands, as published by Deutsche Telekom IoT",移远 EC25 各版本及频段（德国电信物联网硬件库转载）,https://hardware.iot.telekom.com/Document/6810929931338552603,2021
q-rm520n,A,Quectel,"RM520N-GL 5G Specification (frequency bands: 5G NR, LTE-FDD, LTE-TDD)",移远通信 RM520N-GL 5G 产品规格书（5G NR、LTE-FDD、LTE-TDD 频段）,https://testhardware.iot.telekom.com/Document/1136996740329178163/Quectel_RM520N-GL_5G_Specification_V1.0.0_Preliminary_20220308.pdf,2026-10-06
sixfab-rm520n,C,Sixfab,Quectel RM520N-GL 5G module: 5G NR SA/NSA and LTE bands,Sixfab：移远 RM520N-GL 5G 模组（5G NR SA/NSA 与 LTE 频段）,https://sixfab.com/product/quectel-rm520n-gl-5g-module/,2026-10-06
q-eg912u,A,Quectel,LTE Cat 1 bis EG912U-GL product page and EG912U Series specification,移远通信 LTE Cat 1 bis EG912U-GL 产品页与 EG912U 系列规格书,https://www.quectel.com/product/lte-cat-1-bis-eg912u-gl/,2026-10-06
qpy-eg912u,A,Quectel,EG912U-GL module page on QuecPython (frequency bands),移远 QuecPython 开发者站 EG912U-GL 模组页（频段）,https://python.quectel.com/en/products/eg912u-gl,2026-10-06
q-bg-intro,A,Quectel,BG95 & BG77 & BG600L Series LPWA Module Introduction V2.9 (bands),移远通信 BG95、BG77、BG600L 系列 LPWA 模组介绍 V2.9（频段）,https://developer.quectel.com/en/wp-content/uploads/sites/2/2024/11/Quectel_BG95BG77BG600L_Series_LPWA_Module_Introduction_V2.9.pdf,2026-10-06
erf-bg77,C,everything RF,"Quectel BG77 product listing (LTE bands, certifications)",everything RF：移远 BG77 产品页（LTE 频段、认证）,https://everythingrf.com/products/cellular-modules/quectel/811-439-bg77,2026-10-06
q-bg770a,A,Quectel,BG770A-GL LPWA Specification (Cat M1 and NB1/NB2 bands),移远通信 BG770A-GL LPWA 规格书（Cat M1 与 NB1/NB2 频段）,https://hardware.iot.telekom.com/Document/3231976866605087895,2026-10-06
erf-bg77xa,C,everything RF,Quectel BG77xA-GL product listing (Cat M1 and NB bands),everything RF：移远 BG77xA-GL 产品页（Cat M1 与 NB 频段）,https://everythingrf.com/products/cellular-modules/quectel/811-439-bg77xa-gl,2026-10-06
lteanb-e5576,C,LTE-Anbieter.info,"Huawei E5576-320: LTE bands B1, B3, B7, B8, B20, B28; 3G B1 and B8; no 2G",LTE-Anbieter.info：华为 E5576-320（LTE B1、B3、B7、B8、B20、B28；3G B1、B8；不支持 2G）,https://www.lte-anbieter.info/lte-hardware/all/router-huawei-e5576-320,2026-10-06
mall-e5576,C,4GLTEMall,"Huawei E5576-320 mobile Wi-Fi specifications (LTE FDD B1/B3/B7/B8/B20/B28, TDD B38)",4GLTEMall：华为 E5576-320 随身 Wi-Fi 规格（LTE FDD B1/B3/B7/B8/B20/B28，TDD B38）,https://www.4gltemall.com/huawei-e5576.html,2026-10-06
vms-e5577,C,Virgin Megastore UAE,Huawei Mobile Wi-Fi 2 E5577-320 specifications (LTE FDD and TDD bands),Virgin Megastore 阿联酋：华为 E5577-320 规格（LTE FDD 与 TDD 频段）,https://www.virginmegastore.ae/en/p/426546,2026-10-06
ubb-e5577,C,UBB Threads store,Huawei E5577-320 4G mobile Wi-Fi: LTE FDD B1/B3/B7/B8/B20/B28,UBB Threads：华为 E5577-320 4G 随身 Wi-Fi（LTE FDD B1/B3/B7/B8/B20/B28）,https://ubbthreads.com/store/item/HUAWEI-E5577-320-4G-Mobile-WiFi-Black-LTE-Cat4-150Mbps-50Mbps-E5577-320-B_325236809041.html,2026-10-06
eds-m7350,C,ED System (TP-Link distributor),"TP-Link M7350 technical specifications (FDD-LTE B1/B3/B7/B8/B20, 3G B1/B8, quad-band 2G)",ED System（TP-Link 分销商）：TP-Link M7350 技术规格（FDD-LTE B1/B3/B7/B8/B20，3G B1/B8，四频 2G）,https://edshop.edsystem.cz/tp-link-m7350-prenosny-router-4g-lte/product-537443,2026-10-06
tfg-m7350,C,Tech for Good,TP-Link M7350 LTE-Advanced Mobile Wi-Fi: network type and bands,Tech for Good：TP-Link M7350 随身 Wi-Fi（网络制式与频段）,https://techforgood.com.au/products/tp-link-m7350-lte-advanced-mobile-wi-fi-m7350,2026-10-06
ocuk-m7450,C,Overclockers UK,"TP-Link M7450 300 Mbps LTE-Advanced Mobile Wi-Fi specification (FDD-LTE B1/B3/B7/B8/B20, TDD-LTE B38/B40/B41)",Overclockers UK：TP-Link M7450 随身 Wi-Fi 规格（FDD-LTE B1/B3/B7/B8/B20，TDD-LTE B38/B40/B41）,https://www.overclockers.co.uk/tp-link-300mbps-wireless-n-4g-lte-router/NET-TPL-00890.html,2026-10-06
erf-ec25af,C,everything RF,"Quectel EC25-AF product listing (bands, North American carriers)",everything RF：移远 EC25-AF 产品页（频段、北美运营商）,https://www.everythingrf.com/products/cellular-modules/quectel/811-439-ec25-af,2026-10-03
tn-trb140,A,Teltonika Networks,TRB140 supported frequency bands by product code (Teltonika Networks Wiki),Teltonika 官方技术百科：TRB140 各版本支持的频段,https://wiki.teltonika-networks.com/view/Template:Networking_trb143_manual_supported_frequency_bands_table,2026-10-03
tn-trb140-ds,A,Teltonika Networks,TRB140 datasheet: bands of the 0***** and 1***** versions,Teltonika TRB140 规格书：0***** 与 1***** 版本的频段,https://www.cisper.com/datasheets/teltonika/Teltonika_TRB140-Datasheet.pdf,2020
mx-trb140,C,Media Expert,Teltonika TRB140 listing (bands of the European version),Media Expert：TRB140 商品页（欧洲版频段）,https://www.mediaexpert.pl/komputery-i-tablety/urzadzenia-sieciowe/routery/router-teltonika-trb140,2026-10-03
pt-trb140,C,Powertec,Teltonika TRB140 (Australian version) LTE bands,Powertec：TRB140 澳洲版的 LTE 频段,https://portal.powertec.com.au/print/pdf/node/243,2026-10-03
tn-rutx12,A,Teltonika Networks,RUTX12 supported frequency bands by product code (Teltonika Networks Wiki),Teltonika 官方技术百科：RUTX12 各版本支持的频段,https://wiki.teltonika-networks.com/view/Template:Networking_rutx12_manual_supported_frequency_bands_table,2026-10-03
tt-fmc130,A,Teltonika Telematics,FMC130 product page: bands of each version,Teltonika 官方产品页：FMC130 各版本的频段,https://teltonika-gps.com/es/products/trackers/fmc130,2026-10-03
tt-fmc130-ds,A,Teltonika Telematics,FMC130 datasheet v3.0 (2025-02-03): bands of each version,Teltonika FMC130 规格书 v3.0（2025-02-03）：各版本频段,https://storage.mtender.gov.md/get/55cda353-5e1b-40b1-b202-9b6f5cb92a95-1742998823256,2025-02-03
vk-fmc130,C,voelkner,"FMC130-ME3 listing (product code FMC1304OU801, bands)",voelkner：FMC130-ME3 商品页（产品代码 FMC1304OU801，频段）,https://www.voelkner.de/products/13867786/FMC130-Fortschrittlicher-4G-LTE-Cat-1-Tracker-mit-flexiblen-Eingaengen.html,2026-10-03
powertec-simba,C,Powertec,"SIMBA (formerly TPG Singapore): 10 MHz of band 8 and 40 MHz of band 40 from IMDA’s 2016 new-entrant auction, band 38 added later; a 4G operator from the start",Powertec：SIMBA（原 TPG 新加坡）——2016 年 IMDA 新进入者拍卖获得 10 MHz 的 B8 与 40 MHz 的 B40，后来增加 B38；从一开始就是 4G 运营商,https://portal.powertec.com.au/industry-resources/companies/simba,2025
dbs-sg-2026,B,DBS Group Research,"Singapore telecom sector: SIMBA holds 900 MHz, 2.1 GHz, 2.3 GHz and 2.5 GHz, and no 700 MHz, 1800 MHz or 3.5 GHz",星展银行研究：新加坡电信行业——SIMBA 持有 900 MHz、2.1 GHz、2.3 GHz、2.5 GHz，没有 700 MHz、1800 MHz 与 3.5 GHz,https://www.dbs.com/insightsdirect/api/s3/dbs-buffer/article_attachment/20260625/18-48-36_Singtel%20sector%2025jun26_IF.pdf,2026-06-25
kimovil-in,C,Kimovil,Frequency checker · India,Kimovil 频段查询 · 印度,https://www.kimovil.com/en/frequency-checker/IN,2026-10-02
nepalitelecom-in,C,NepaliTelecom,"Frequency bands for 2G, 3G, 4G and 5G in India: Jio runs 4G on B3, B5 and B40",NepaliTelecom：印度 2G/3G/4G/5G 频段——Jio 的 4G 在 B3、B5、B40 上,https://nepalitelecom.com/2017/02/frequency-bands-2g-3g-4g-mobile-india.html,2024
telecomtalk-in,C,TelecomTalk,"A guide to the frequency bands used in India: FD-LTE on 2100 MHz, TD-LTE on 2300 and 2500 MHz",TelecomTalk：印度电信频段指南——2100 MHz 的 FD-LTE，2300 与 2500 MHz 的 TD-LTE,https://telecomtalk.info/?p=132738,2019
telenet-airtel,B,tele.net,Airtel to shut down 3G across all 22 circles by March 2020; L900 4G added to 2300 and 1800 MHz,tele.net：Airtel 2020 年 3 月前关闭全部 22 个电信圈的 3G，并在 900 MHz 部署 4G,https://tele.net.in/airtel-to-shut-down-3g-networks-across-india-by-march-2020/,2019
voicendata-vi,B,Voice&Data,"Vodafone Idea phases 3G out circle by circle (fully off in five circles); 2G still serves ATMs, smart meters and PoS devices",Voice&Data：Vodafone Idea 分电信圈逐步关闭 3G（五个电信圈已全部关闭）；2G 仍服务于 ATM、智能电表与 POS 设备,https://www.voicendata.com/news/jios-stance-on-the-shutdown-of-2g-and-3g-challenged-by-vodafone-idea-3651302,2024
lightreading-vi,B,Light Reading,Vodafone Idea to shut down 3G; Reliance Jio is India’s only pure-play 4G operator,Light Reading：Vodafone Idea 将关闭 3G；Reliance Jio 是印度唯一的纯 4G 运营商,https://www.lightreading.com/services/india-s-vodafone-idea-to-shut-down-3g-network,2021
kimovil-sg,C,Kimovil,Frequency checker · Singapore,Kimovil 频段查询 · 新加坡,https://www.kimovil.com/en/frequency-checker/SG,2026-10-02
ptw-sg,C,PhoneTravelWiz,"Singapore SIM cards: Singtel and StarHub 4G on B8, B3, B7; M1 on B3, B7",PhoneTravelWiz：新加坡 SIM 卡——Singtel、StarHub 的 4G 在 B8、B3、B7，M1 在 B3、B7,https://www.phonetravelwiz.com/70ug,2023
ptw-sg-2g,C,PhoneTravelWiz,Singapore switched off 2G on 1 April 2017,PhoneTravelWiz：新加坡于 2017 年 4 月 1 日关闭 2G,https://www.phonetravelwiz.com/?p=2030611,2023
abi-3g-sg,B,ABI Research,3G sunset: M1 closed 3G on schedule on 31 July 2024; Singtel and StarHub extended to November 2024,ABI Research：3G 退网——M1 于 2024 年 7 月 31 日按时关闭，Singtel 与 StarHub 延至 2024 年 11 月,https://www.abiresearch.com/market-research/insight/7784563-the-end-of-a-generation-3g-sunset-becomes-,2024
sdx-3g-sg,B,SDxCentral,"Singapore’s operators retire 3G by 31 July 2024, as confirmed by IMDA; 3G phones not sold from 1 February 2024",SDxCentral：IMDA 确认新加坡运营商 2024 年 7 月 31 日前关闭 3G；自 2024 年 2 月 1 日起不再销售 3G 手机,https://www.sdxcentral.com/news/singaporean-mnos-poised-to-fully-retire-3g-services-by-end-of-july-2024/,2023
mwl-3g-sg,B,Mobile World Live,"Singtel, StarHub and M1 close 3G on 2100 and 900 MHz and move the spectrum to 5G",Mobile World Live：Singtel、StarHub、M1 关闭 2100 与 900 MHz 上的 3G，频谱转给 5G,https://mobileworldlive.com/?p=376784,2023
kimovil-id,C,Kimovil,Frequency checker · Indonesia,Kimovil 频段查询 · 印度尼西亚,https://www.kimovil.com/en/frequency-checker/ID,2026-10-02
techjunction-id,C,TechJunction,"Mobile network operators in Indonesia: Telkomsel, Indosat and XL bands",TechJunction：印尼移动运营商 Telkomsel、Indosat、XL 的频段,https://techjunction.co/tech-question/active-and-leading-mobile-network-operators-mnos-in-indonesia,2025
prepaid-id,C,Prepaid Data SIM Card Wiki,Indonesia: 3G shutting down on all networks from 2022; SIM and IMEI registration rules,Prepaid Data SIM Card Wiki：印尼——2022 年起各网络陆续关闭 3G；SIM 与 IMEI 登记规定,https://prepaid-data-sim-card.fandom.com/wiki/Indonesia,2026
kimovil-tr,C,Kimovil,Frequency checker · Turkey,Kimovil 频段查询 · 土耳其,https://www.kimovil.com/en/frequency-checker/TR,2026-10-02
ptw-tr,C,PhoneTravelWiz,"Buying a SIM card in Turkey: Turkcell 4G on B20, B8, B3, B1, B7",PhoneTravelWiz：土耳其 SIM 卡指南——Turkcell 的 4G 在 B20、B8、B3、B1、B7,https://www.phonetravelwiz.com/buying-a-sim-card-in-turkey-guide/,2024
gigago-tr,C,Gigago,"Using your phone in Turkey: Turkcell, Vodafone and Türk Telekom 4G on B3, B7 and B20; IMEI registration after 120 days",Gigago：在土耳其使用手机——三家的 4G 在 B3、B7、B20；超过 120 天需登记 IMEI,https://gigago.com/use-phone-turkey/,2025
prepaid-tr,C,Prepaid Data SIM Card Wiki,"Turkey: the 2015 4G auction (800, 900, 1800, 2100, 2600 MHz) and the 120-day IMEI grace period",Prepaid Data SIM Card Wiki：土耳其——2015 年 4G 拍卖（800/900/1800/2100/2600 MHz）与 120 天 IMEI 宽限期,https://prepaid-data-sim-card.fandom.com/wiki/Turkey,2026
ttp-tr,C,Turkey Travel Planner,Mobile networks in Turkey: phone registration needed beyond 180 days (previously 120),Turkey Travel Planner：土耳其移动网络——超过 180 天（此前为 120 天）需登记手机,https://turkeytravelplanner.com/details/Communications/mobile_phone_networks_in_turkey.html,2025
transforma-proam,B,Transforma Insights,"Position paper on permanent roaming: Brazil, China, India and Turkey introduced or enforced bans",Transforma Insights：长期漫游立场文件——巴西、中国、印度、土耳其出台或严格执行禁止规定,https://transformainsights.com/doc/permanent-roaming-position-paper/file,2023
hubble-roam,C,Hubble,Cellular roaming gotchas: Turkey’s IMEI registration needs a Turkish tax ID; Indonesia requires IMEI registration too,Hubble：蜂窝漫游的陷阱——土耳其 IMEI 登记需要税号，印尼同样要求 IMEI 登记,https://hubble.com/community/guides/cellular-roaming-gotchas-when-devices-cross-borders/,2026
kimovil-mx,C,Kimovil,Frequency checker · Mexico,Kimovil 频段查询 · 墨西哥,https://www.kimovil.com/en/frequency-checker/MX,2026-10-02
fc-telcel-mx,C,FrequencyCheck,Telcel (Mexico): frequency bands; B4 carries most of its LTE traffic,FrequencyCheck：Telcel（墨西哥）频段，B4 承载其大部分 LTE 流量,https://www.frequencycheck.com/carriers/telcel-mexico,2026-10-02
dpl-altan,B,DPL News,"Altán’s Red Compartida after three years: 700 MHz, while AT&T and Telcel run 4G-LTE on PCS (1900 MHz) and AWS (1.7/2.1 GHz)",DPL News：Red Compartida 三年——Altán 用 700 MHz，AT&T 与 Telcel 的 4G 在 PCS（1900 MHz）与 AWS（1.7/2.1 GHz）上,https://dplnews.com/?p=96001,2020
altan-redes,A,Altán Redes,Red Compartida launch: a wholesale 4G-LTE network in the 700 MHz band for 92.2% of the population; IFT requires LTE terminals to enable band 28,Altán Redes：Red Compartida 开通——700 MHz 的 4G-LTE 批发网络，目标覆盖 92.2% 人口；IFT 要求 LTE 终端支持 Band 28,https://altanredes.com/en/?p=1992,2018
xataka-mx-b28,B,Xataka México,"Red Compartida uses band 28 (700 MHz); devices need B28, a legal requirement in Mexico",Xataka México：Red Compartida 使用 Band 28（700 MHz），设备须支持 B28，这在墨西哥是法定要求,https://www.xataka.com.mx/telecomunicaciones/lo-detalles-que-no-sabias-de-la-red-compartida-en-mexico-moviles-compatibles-velocidad-y-cobertura-inicial,2018
operatorwatch-mx,C,Operator Watch,"Mexico: 2G and 3G on 850 and 1900 MHz on all operators except AT&T, which has no 2G",Operator Watch：墨西哥 2G/3G 在 850 与 1900 MHz 上，AT&T 没有 2G,https://www.operatorwatch.com/search/label/Operator%20Altan%20Redes,2019
kimovil-br,C,Kimovil,Frequency checker · Brazil,Kimovil 频段查询 · 巴西,https://www.kimovil.com/en/frequency-checker/BR,2026-10-02
fc-vivo-br,C,FrequencyCheck,Vivo (Brazil): frequency bands,FrequencyCheck：Vivo（巴西）频段,https://www.frequencycheck.com/carriers/vivo-brazil,2026-10-02
prepaid-br,C,Prepaid Data SIM Card Wiki,"Brazil: Vivo, TIM, Claro and Algar bands for 2G, 3G, 4G and 5G",Prepaid Data SIM Card Wiki：巴西 Vivo、TIM、Claro、Algar 的 2G/3G/4G/5G 频段,https://prepaid-data-sim-card.fandom.com/wiki/Brazil,2026
tecnoblog-anatel,B,Tecnoblog,Anatel: from 6 April 2025 devices with 2G or 3G are certified only if they also support 4G or better; no 2G/3G switch-off schedule yet,Tecnoblog：Anatel 规定自 2025 年 4 月 6 日起，带 2G/3G 的设备须同时支持 4G 或更高才能获得认证；2G/3G 关停尚无时间表,https://tecnoblog.net/noticias/anatel-exigira-que-celulares-tenham-4g-ou-5g-para-serem-homologados/,2024
teletime-br,B,Teletime,2G and 3G switch-off in Brazil: full shutdown expected by 2028; Anatel stops certifying 2G/3G-only devices from 2025,Teletime：巴西 2G/3G 关停——预计 2028 年前全面关闭；Anatel 自 2025 年起不再认证只支持 2G/3G 的设备,https://teletime.com.br/09/12/2024/desligamento-do-2g-e-3g-ha-motivo-para-tensao-mas-nao-para-panico-diz-gristec/,2024-12
dc-vivo-2g,B,Diário do Comércio,"Vivo plans to switch off 2G as soon as possible, with no official schedule yet",Diário do Comércio：Vivo 计划尽快关闭 2G，尚无官方时间表,https://diariodocomercio.com.br/mix/?p=53510,2026-07
kimovil-nl,C,Kimovil,Frequency checker · Netherlands,Kimovil 频段查询 · 荷兰,https://www.kimovil.com/en/frequency-checker/NL,2026-10-02
fc-kpn-nl,C,FrequencyCheck,"KPN (Netherlands): frequency bands, UMTS removed",FrequencyCheck：KPN（荷兰）频段，UMTS 已移除,https://www.frequencycheck.com/carriers/kpn-netherlands,2026-10-02
fc-tmobile-nl,C,FrequencyCheck,"T-Mobile (Netherlands), rebranded Odido in September 2023: frequency bands",FrequencyCheck：T-Mobile（荷兰，2023 年 9 月更名 Odido）频段,https://www.frequencycheck.com/carriers/t-mobile-netherlands,2026-10-02
fc-vodafone-nl,C,FrequencyCheck,Vodafone (Netherlands): frequency bands,FrequencyCheck：Vodafone（荷兰）频段,https://www.frequencycheck.com/carriers/vodafone-netherlands,2026-10-02
acm-2g3g,A,ACM,"Consequences of switching off 2G and 3G: KPN and VodafoneZiggo have ended 3G, Odido at the earliest in August 2026; Odido has ended 2G, KPN in December 2027, VodafoneZiggo not before end-2026",ACM（荷兰消费者与市场管理局）：2G 与 3G 关停的影响——KPN 与 VodafoneZiggo 已关停 3G，Odido 最早 2026 年 8 月；Odido 已关停 2G，KPN 2027 年 12 月，VodafoneZiggo 不早于 2026 年底,https://www.acm.nl/nl/publicaties/gevolgen-van-de-afschakeling-van-2g-en-3g,2024-12
totaltele-kpn,B,Total Telecom,KPN shut down 3G in March 2022 and announced its 2G sunset,Total Telecom：KPN 2022 年 3 月关停 3G，并宣布 2G 退网计划,https://totaltele.com/kpn-confirms-2g-sunset-by-end-of-2025/,2024-03
emerce-odido,B,Emerce,Odido keeps 3G until at least 1 August 2026 and will announce the date at least six months ahead,Emerce：Odido 的 3G 至少保留到 2026 年 8 月 1 日，并将提前至少六个月公布具体日期,https://www.emerce.nl/nieuws/odido-gaat-stoppen-3g,2024
bright-2g,B,Bright,2G in the Netherlands: KPN switches off on 1 December 2027; Vodafone between end-2026 and 2030; Vodafone ended 3G in January 2020,Bright：荷兰 2G——KPN 2027 年 12 月 1 日关闭，Vodafone 在 2026 年底到 2030 年之间；Vodafone 的 3G 于 2020 年 1 月关闭,https://www.bright.nl/plusplus/2098913/kan-jouw-oma-straks-nog-wel-bellen-2g-gaat-eruit-dus-check-deze-alternatieven.html,2026
kimovil-pl,C,Kimovil,Frequency checker · Poland,Kimovil 频段查询 · 波兰,https://www.kimovil.com/en/frequency-checker/PL,2026-10-02
fc-play-pl,C,FrequencyCheck,Play (Poland): frequency bands,FrequencyCheck：Play（波兰）频段,https://www.frequencycheck.com/carriers/play-poland,2026-10-02
pedroc-pl,C,pedroc.co.uk,Poland mobile network spectrum: carriers measured band by band,pedroc.co.uk：波兰移动网络频谱逐频段实测,https://pedroc.co.uk/content/poland-mobile-network-spectrum,2024
prepaid-pl,C,Prepaid Data SIM Card Wiki,"Poland: networks, bands, 3G shutdowns and the March 2025 700 MHz auction",Prepaid Data SIM Card Wiki：波兰各网络频段、3G 关停与 2025 年 3 月的 700 MHz 拍卖,https://prepaid-data-sim-card.fandom.com/wiki/Poland,2026
telepolis-pl,B,Telepolis,"Frequencies in Polish mobile networks: T-Mobile ended 3G in Q2 2023, Orange started in September 2023 and finishes by end-2025; C-band at Orange, Play and T-Mobile",Telepolis：波兰移动网络的频率——T-Mobile 2023 年二季度关停 3G，Orange 2023 年 9 月开始、2025 年底前完成；Orange、Play、T-Mobile 使用 C 频段,https://www.telepolis.pl/artykuly/felietony/telefonia-komorkowa-w-polsce-czestotliwosci-wykorzystanie-orange-play-plus-t-mobile,2024
operatorwatch-pl,C,Operator Watch,Poland gearing up for 5G: Plus lost its 800 MHz (B20) LTE licence in January 2019,Operator Watch：波兰迈向 5G——Plus 于 2019 年 1 月失去 800 MHz（B20）的 LTE 许可,https://www.operatorwatch.com/2019/12/poland-gearing-up-for-5g_22.html,2019-12
kimovil-it,C,Kimovil,Frequency checker · Italy,Kimovil 频段查询 · 意大利,https://www.kimovil.com/en/frequency-checker/IT,2026-10-02
fc-tim-it,C,FrequencyCheck,"Telecom Italia Mobile (TIM, Italy): frequency bands, UMTS removed",FrequencyCheck：TIM（意大利）频段，UMTS 已移除,https://www.frequencycheck.com/carriers/telecom-italia-mobile-tim-italy,2026-10-02
fc-vodafone-it,C,FrequencyCheck,"Vodafone (Italy): frequency bands, UMTS removed",FrequencyCheck：Vodafone（意大利）频段，UMTS 已移除,https://www.frequencycheck.com/carriers/vodafone-italy,2026-10-02
fc-wind-it,C,FrequencyCheck,"Wind (Italy), now WindTre: frequency bands; 2G, 3G, 4G and NB-IoT services",FrequencyCheck：Wind（意大利，现 WindTre）频段，提供 2G、3G、4G 与 NB-IoT,https://www.frequencycheck.com/carriers/wind-italy,2026-10-02
fc-iliad-it,C,FrequencyCheck,Iliad (Italy): frequency bands,FrequencyCheck：Iliad（意大利）频段,https://www.frequencycheck.com/carriers/iliad-italy,2026-10-02
sostariffe-3g-it,B,SosTariffe,"3G switch-off in Italy: Vodafone finished in February 2021, TIM on 15 October 2022; WindTre and Iliad later",SosTariffe：意大利 3G 退网——Vodafone 2021 年 2 月完成，TIM 2022 年 10 月 15 日完成，WindTre 与 Iliad 在后,https://www.sostariffe.it/news/switch-off-3g-a-quando-per-windtre-e-iliad-le-ultime-a-settembre-2023-375517/,2023-09
agcom-tim-3g,A,AGCOM,Resolution 147/22/CONS: TIM’s 3G switch-off plan and measures to protect users,AGCOM 第 147/22/CONS 号决议：TIM 的 3G 关停计划与用户保护措施,https://www.agcom.it/sites/default/files/migration/delibera/Delibera%20147-22-CONS.pdf,2022
comparasemplice-3g,C,ComparaSemplice,3G switch-off in Italy: WindTre’s phase-out expected to finish by the end of 2025,ComparaSemplice：意大利 3G 退网，WindTre 预计 2025 年底前完成,https://www.comparasemplice.it/informazioni/cellulari/switch-off-3g-cose-e-cosa-cambiera-per-gli-utenti,2025
smartworld-windtre,B,Smartworld,WindTre starts switching off 3G at 2100 MHz,Smartworld：WindTre 开始关闭 2100 MHz 的 3G,https://www.smartworld.it/news/windtre-spegnimento-frequenza-2100-mhz.html,2025
tecnoandroid-iliad,C,Tecnoandroid,Iliad and WindTre share their radio network (ZefiroNet); 2G stays important for M2M,Tecnoandroid：Iliad 与 WindTre 共享无线网络（ZefiroNet）；2G 对 M2M 仍然重要,https://www.tecnoandroid.it/2024/02/10/la-fine-del-3g-cosa-cambiera-ora-per-gli-utenti-di-iliad-1346859/,2024-02
q-eg21g,A,Quectel,EG21-G LTE Standard Specification V1.2: bands,移远 EG21-G 规格书 V1.2：频段,https://quectel.com/content/uploads/sites/3/2021/10/Quectel_EG21-G_LTE_Standard_Specification_V1.2%E3%80%80RH.pdf,2021-10
mct-eg21g,B,MC Technologies,Quectel EG21-G product listing (bands),MC Technologies：移远 EG21-G 产品页（频段）,https://mc-technologies.com/en/produkt/quectel-modul-eg21-g-lga/,2026-10-02
ub-lara-r6,A,u-blox,LARA-R6 series product page: variants and bands,u-blox LARA-R6 系列产品页：各版本与频段,https://u-blox.com/en/product/lara-r6-series,2026-10-02
erf-lara-r6,C,everything RF,u-blox LARA-R6001D product listing (bands),everything RF：u-blox LARA-R6001D 产品页（频段）,https://everythingrf.com/products/cellular-modules/u-blox-ag/811-315-lara-r6001d,2026-10-02
telit-me910c1,A,Telit Cinterion,"ME910C1 series product brief: LTE-M/NB-IoT and 2G bands, as published by BiPOM",Telit Cinterion ME910C1 系列产品简介：LTE-M/NB-IoT 与 2G 频段（BiPOM 转载）,https://www.bipom.com/documents/Telit/TC_ME910C1_mPCIe_Product_Brief.pdf,2023
sectron-me910c1,B,Sectron,Telit Cinterion ME910C1-WW product page (authorised distributor),Sectron：Telit Cinterion ME910C1-WW 产品页（授权分销商）,https://eshop.sectron.eu/en/telit-cinterion-me910c1-ww/p-17061/,2026-10-02
q-rg255c,A,Quectel,"RG255C-GL 5G RedCap Specification V1.0.0 (preliminary, 2023-09-28), as published by MC Technologies",移远 RG255C-GL 5G RedCap 规格书 V1.0.0（预发布版，2023-09-28，MC Technologies 转载）,https://mc-technologies.com/wp-content/uploads/2023/12/Quectel_RG255C-GL_5G_RedCap_Specification_V1.0.0_Preliminary_20230928.pdf,2023-09
tmo-rg255c,A,T-Mobile,"T-Mobile IoT device certification: Quectel RG255C-GL, network certified",T-Mobile 物联网设备认证：移远 RG255C-GL（已通过网络认证）,https://www.t-mobile.com/business/solutions/iot/device-certification/quectel-rg255c-gl,2026-10-02
q-ec25,A,Quectel,"EC25 Series LTE Standard Specification: variants and their bands, as published by Deutsche Telekom IoT",移远 EC25 系列规格书：各版本及其频段（德国电信物联网硬件库转载）,https://hardware.iot.telekom.com/Document/981422293622845088,2020
erf-ec25e,C,everything RF,Quectel EC25-E product listing (bands),everything RF：移远 EC25-E 产品页（频段）,https://www.everythingrf.com/products/cellular-modules/quectel/811-439-ec25-e,2026-10-02
q-ec200u,A,Quectel,EC200U Series LTE Cat 1bis specification (2025): variants and bands,移远 EC200U 系列规格书（LTE Cat 1bis，2025）：各版本与频段,https://www.quectel.com/blog/document/lte-cat-1-bis-ec200u-series,2025
lm-ec200u,C,4G LTE Mall,Quectel EC200U-EU product listing (bands),4G LTE Mall：移远 EC200U-EU 产品页（频段）,https://www.4gltemall.com/quectel-ec200u.html,2026-10-02
sc-a7670,A,SIMCom,"A7670 series specification: A7670C, A7670E and A7670SA bands, as published by Texim Europe",芯讯通 A7670 系列规格书：A7670C、A7670E、A7670SA 的频段（Texim Europe 转载）,https://texim-europe.com/getfile.ashx?id=125089,2026-10-02
erf-a7670e,C,everything RF,SIMCom A7670E product listing (bands),everything RF：芯讯通 A7670E 产品页（频段）,https://everythingrf.com/products/cellular-modules/simcom/811-765-a7670e,2026-10-02
sc-7080g,A,SIMCom,SIM7080G product page: Cat-M and NB-IoT bands,芯讯通 SIM7080G 产品页：Cat-M 与 NB-IoT 频段,https://www.simcom.com/product/SIM7080G.html,2026-10-02
macnica-7080g,B,Macnica,SIMCom SIM7080G product specifications (bands),Macnica：芯讯通 SIM7080G 产品规格（频段）,https://www.macnica.co.jp/en/business/semiconductor/manufacturers/cathay/products/133846/,2026-10-02
q-bg96,A,Quectel,"BG96 LTE Specification V1.6: Cat M1, Cat NB1 and EGPRS bands",移远 BG96 规格书 V1.6：Cat M1、Cat NB1 与 EGPRS 频段,https://quectel.com/content/uploads/sites/3/2023/08/Quectel_BG96_LTE_Specification_V1.6%E3%80%80RH.pdf,2023-08
avnet-bg96,B,Avnet,Quectel BG96 product page: bands and approvals,安富利：移远 BG96 产品页（频段与认证）,https://www.avnet.com/apac/products/product-aac/201907-quectel/,2019
ub-r5ds,A,u-blox,SARA-R5 series data sheet UBX-19016638: LTE bands by technology (as mirrored by alldatasheet),u-blox SARA-R5 系列规格书 UBX-19016638：按技术区分的频段（alldatasheet 镜像）,https://www.alldatasheet.net/html-pdf/1246506/U-BLOX/SARA-R5/1541/6/SARA-R5.html,2026-10-02
macnica-r510,B,Macnica,u-blox SARA-R510S / SARA-R510M8S product specifications (LTE bands),Macnica：u-blox SARA-R510S / SARA-R510M8S 产品规格（频段）,https://www.macnica.co.jp/en/business/semiconductor/manufacturers/u-blox/products/134601/,2026-10-02
nordic-9160,A,Nordic Semiconductor,nRF9160 SiP product page: LTE bands certified so far,Nordic：nRF9160 产品页（已获认证的 LTE 频段）,https://www.nordicsemi.com/Products/nRF9160?lang=zh-CN,2026-10-02
digikey-9160,B,DigiKey,Nordic nRF9160 SiP product highlight (bands),得捷电子：Nordic nRF9160 产品介绍（频段）,https://www.digikey.dk/en/product-highlight/n/nordic-semi/nrf9160-sip,2026-10-02
q-eg915u,A,Quectel,EG915U-EU product page (QuecPython): LTE-FDD bands and regions,移远 EG915U-EU 产品页（QuecPython）：频段与适用地区,https://python.quectel.com/en/products/eg915u-eu,2026-10-02
mct-eg915u,B,MC Technologies,Quectel EG915U-EU product listing (bands),MC Technologies：移远 EG915U-EU 产品页（频段）,https://mc-technologies.com/en/produkt/163172/,2026-10-02
q-eg25g,A,Quectel,EG25-G LTE Standard Specification V1.6 (frequency bands),移远 EG25-G 规格书 V1.6（频段）,https://enpanel.quectel.com/wp-content/uploads/2021/03/Quectel_EG25-G_LTE_Standard_Specification_V1.6-1.pdf,2023
erf-eg25g,C,everything RF,Quectel EG25-G product listing (bands),everything RF：移远 EG25-G 产品页（频段）,https://everythingrf.com/products/cellular-modules/quectel/811-439-eg25-g,2026-10-02
sc-7600gh,A,SIMCom,"SIM7600G-H datasheet (frequency bands), as published by Texim Europe",芯讯通 SIM7600G-H 规格书（频段，Texim Europe 转载）,https://texim-europe.com/getfile.ashx?id=122269,2026-10-02
avnet-7600gh,B,Avnet,SIMCom SIM7600G-H R2 new product introduction (bands),安富利：芯讯通 SIM7600G-H R2 新品介绍（频段）,https://my.avnet.com/ebv/products/new-products/npi/2020/simcom-wireless-solutions-sim7600g-h-r2/,2020
q-bg95,A,Quectel,"BG95 Series LPWA specification (frequency bands), as published by Deutsche Telekom IoT",移远 BG95 系列规格书（频段，德国电信物联网硬件库转载）,https://hardware.iot.telekom.com/Document/7810264271095923429,2026-10-02
cnx-bg95,C,CNX Software,Quectel BG95-M3 bands: Cat M1 and Cat NB2,CNX Software：移远 BG95-M3 的 Cat M1 与 Cat NB2 频段,https://www.cnx-software.com/2024/05/21/raspberry-pi-zero-hat-quectel-bg95-m3-zero-cellular-iot-board-quecpython-micropython-firmware/,2024-05
cp-proam,B,Counterpoint Research,Navigating permanent roaming for IoT: where it is prohibited and where operators restrict it,Counterpoint Research：物联网永久漫游——禁止的国家与运营商限制,https://www.counterpointresearch.com/insights/permanent-roaming-iot/,2026-10-02
cullen-am,B,Cullen International,IoT regulation in the Americas: permanent roaming legally permissible in most countries (Brazil bans it); no SIM registration in the US and Canada,Cullen International：美洲物联网监管——多数国家法律上允许永久漫游（巴西禁止）；美国、加拿大无 SIM 登记要求,https://www.cullen-international.com/news/2026/02/IoT-regulation-in-the-Americas-diverges-on-roaming--authorisation-and-SIM-registration.html,2026-02
eseye-proam,C,Eseye,What is permanent roaming: countries where it is banned or effectively prohibited,Eseye：永久漫游被禁止或实际上被禁止的国家,https://www.eseye.com/iot-explained/what-is-permanent-roaming/,2026-10-02
com4-proam,C,Com4,Navigating permanent roaming challenges for IoT deployments,Com4：物联网部署中的永久漫游难题,https://www.com4.no/en/blog/navigating-permanent-roaming-challenges-for-iot-deployments,2026-10-02
thingsdata-proam,C,Thingsdata,Permanent roaming in IoT: rules by country (2026),Thingsdata：物联网永久漫游的各国规定（2026）,https://thingsdata.com/news/permanent-roaming-iot-regulations-solutions/,2026
berec-m2m,A,BEREC,Report on M2M and permanent roaming (BoR (24) 165): agreements allowing permanent roaming have increased since 2021,BEREC《M2M 与永久漫游报告》（BoR (24) 165）：允许永久漫游的协议自 2021 年起增加,https://berec.europa.eu/system/files/2024-12/BoR%20%2824%29%20165_BEREC%20Report%20on%20M2M%20and%20permanent%20roaming_0.pdf,2024-12
berec-wrg,A,BEREC,Wholesale Roaming Guidelines (BoR (26) 70): M2M is within the Roaming Regulation; how operators may handle permanent roaming,BEREC《批发漫游指南》（BoR (26) 70）：M2M 属于漫游法规范围，以及运营商如何处理永久漫游,https://www.berec.europa.eu/system/files/2026-06/BoR%20%2826%29%2070_Wholesale%20Roaming%20Guidelines.pdf,2026-06
hn-field-us,A,Hyper Nexus,"MF833V in the US: deployed largely on T-Mobile SIMs, roaming onto other networks where T-Mobile coverage falls short (manufacturer deployment record)",MF833V 在美国：大量使用 T-Mobile 的 SIM 卡，T-Mobile 覆盖不足处漫游到其他运营商网络（厂商部署记录）,https://www.aiotrf.com/cases/abbott/,2026-10-02
hn-field-aunz,A,Hyper Nexus,"MF833V deployed at scale in Australia and New Zealand, meeting the connectivity needs of Abbott and other companies (manufacturer deployment record)",MF833V 在澳大利亚、新西兰规模化部署，满足 Abbott 等企业的设备联网需求（厂商部署记录）,https://www.aiotrf.com/cases/abbott/,2026-10-02
kimovil-au,C,Kimovil,Frequency checker · Australia,Kimovil 频段查询 · 澳大利亚,https://www.kimovil.com/en/frequency-checker/AU,2026-10-02
itwire-au,B,iTWire,"What LTE bands does an Aussie smartphone need (Telstra, Optus, Vodafone)",iTWire：澳大利亚三家运营商的 LTE 频段,https://itwire.com/mobility/what-lte-bands-does-an-aussie-smartphone-need,2016
onesdr-au,C,OneSDR,Australia 5G frequency bands,OneSDR：澳大利亚 5G 频段,https://www.onesdr.com/australia-5g-frequency-bands,2026-10-02
bizgov-3g-au,A,Australian Government (business.gov.au),The 3G network is closing down: Telstra and Optus from 28 October 2024; TPG/Vodafone already off,澳大利亚政府商业网站：Telstra、Optus 自 2024-10-28 关闭 3G，TPG/Vodafone 已关闭,https://business.gov.au/news/the-3g-network-is-closing-down,2024-10
dcd-au-3g,B,DatacenterDynamics,Optus and Telstra delay 3G shutdown to October; Vodafone Australia closed 3G at the end of January 2024,DCD：Telstra、Optus 3G 关闭推迟到 10 月；Vodafone 已于 2024 年 1 月底关闭,https://www.datacenterdynamics.com/en/news/optus-and-telstra-delay-3g-shutdown-in-australia-to-october/,2024-08
itwire-3g-au,B,iTWire,"Telstra, Optus delay 3G shutdown: 4G devices without VoLTE or 700 MHz (band 28) are affected too",iTWire：3G 关闭也影响不支持 VoLTE 或 700 MHz（B28）的部分 4G 设备,"https://itwire.com/business-telecoms/telstra,-optus-delay-3g-network-shutdown.html",2024-08
kimovil-nz,C,Kimovil,Frequency checker · New Zealand,Kimovil 频段查询 · 新西兰,https://www.kimovil.com/en/frequency-checker/NZ,2026-10-02
tj-nz,C,Tech Junction,Top NZ mobile network operators: active frequency bands,Tech Junction：新西兰三家运营商的在用频段,https://techjunction.co/tech-question/top-nz-mobile-network-operators-list-details/,2025-02-26
rsm-700,A,Radio Spectrum Management (NZ),"Auction 12: 700 MHz management rights for LTE (Spark, Vodafone, 2degrees)",新西兰无线电频谱管理局：第 12 号拍卖，700 MHz LTE 频谱,https://www.rsm.govt.nz/projects-and-auctions/auctions/completed-spectrum-auctions-1996-present/auction-12,2026-10-02
cc-700-nz,B,Critical Communications,"Last of New Zealand’s 700 MHz auctioned: Telecom 2x20, Vodafone 2x15, 2degrees 2x10 MHz",Critical Comms：新西兰 700 MHz 拍卖结果（Telecom 2×20、Vodafone 2×15、2degrees 2×10 MHz）,https://criticalcomms.com.au/content/industry/news/last-of-new-zealand-39-s-7-mhz-spectrum-auctioned-663851658,2014-01
rsm-int,B,Critical Communications,Interview with RSM: each operator has 2x20 MHz at 1800 MHz; 700 MHz gives rural and in-building coverage,Critical Comms 专访新西兰频谱管理局：三家各有 2×20 MHz 的 1800 MHz，700 MHz 用于郊区与室内覆盖,https://www.criticalcomms.com.au/content/public-safety/article/interview-len-starling-radio-spectrum-management-344180856,2014
dcd-spark-3g,B,DatacenterDynamics,"Spark completes 3G retirement: all New Zealand 3G now off (One NZ the week before, 2degrees in February)",DCD：Spark 完成 3G 退网，新西兰 3G 全部关闭（One NZ 早一周，2degrees 2 月）,https://www.datacenterdynamics.com/en/news/spark-completes-3g-retirement-in-new-zealand/,2026-04
nzb-2g,B,Newstalk ZB,"One NZ begins 3G shutdown; the last 2G network, run by One NZ, closes on the same day as its 3G",Newstalk ZB：One NZ 开始关闭 3G；新西兰最后一张 2G 网络与其 3G 同日关闭,https://www.newstalkzb.co.nz/news/business/dunedin-to-lose-3g-tomorrow-as-one-nz-begins-shutdown/,2026-01
kimovil-es,C,Kimovil,Frequency checker · Spain,Kimovil 频段查询 · 西班牙,https://www.kimovil.com/en/frequency-checker/ES,2026-10-02
fc-movistar-es,C,FrequencyCheck,Movistar (Spain): frequency bands,FrequencyCheck：Movistar（西班牙）频段,https://www.frequencycheck.com/carriers/movistar-spain,2026-10-02
fc-vodafone-es,C,FrequencyCheck,"Vodafone (Spain): frequency bands, and 5G network sharing with Orange",FrequencyCheck：Vodafone（西班牙）频段，与 Orange 共享 5G 网络,https://www.frequencycheck.com/carriers/vodafone-spain,2026-10-02
fc-orange-es,C,FrequencyCheck,"Orange (Spain, part of MasOrange): frequency bands",FrequencyCheck：Orange（西班牙，属 MasOrange）频段,https://www.frequencycheck.com/carriers/orange-spain,2026-10-02
xataka-3g-es,B,Xataka Móvil,"The 3G switch-off advances in Spain: Vodafone finished in 2024, Movistar in its final phase towards 2027, MasOrange keeps 2G to 2030",Xataka Móvil：西班牙 3G 退网推进——Vodafone 2024 年完成，Movistar 进入最后阶段、目标 2027 年，MasOrange 2G 保留到 2030 年,https://www.xatakamovil.com/conectividad/avanza-apagon-3g-espana-danos-colaterales-van-alla-cobertura-tu-movil,2026
bandaancha-mov,B,BandaAncha.eu,Movistar is switching off 3G; Telefónica later pointed to 2026 for 2G,BandaAncha：Movistar 正在关闭 3G；Telefónica 其后表示 2G 于 2026 年关闭,https://bandaancha.eu/articulos/movistar-ya-esta-apagando-3g-pide-10460,2026-10-02
roams-masorange,B,Roams,MasOrange confirms 3G ends 31 Dec 2027 and 2G 31 Dec 2030 (OpenTech event),Roams：MasOrange 确认 3G 于 2027-12-31、2G 于 2030-12-31 关闭（OpenTech 活动）,https://roams.es/actualidad/telefonia/masorange-confirma-el-apagado-de-las-redes-2g-y-3g-fechas-clave-y-como-te-afecta/,2026-10-02
kimovil-ca,C,Kimovil,Frequency checker · Canada,Kimovil 频段查询 · 加拿大,https://www.kimovil.com/en/frequency-checker/CA,2026-10-02
onesdr-ca,C,OneSDR,Canadian wireless carriers and bands,OneSDR：加拿大运营商与频段,https://www.onesdr.com/canadian-wireless-carriers-and-bands,2026-10-02
pm-ca,C,Public Mobile community (a TELUS brand),LTE network fundamentals: the bands on the TELUS network,Public Mobile 社区（TELUS 旗下）：TELUS 网络的 LTE 频段,https://productioncommunity.publicmobile.ca/t5/Using-Your-Service/LTE-network-fundamentals/m-p/134356,2026-10-02
pm-5g-ca,C,Public Mobile community (a TELUS brand),5G bands on the Bell/TELUS network,Public Mobile 社区：Bell/TELUS 的 5G 频段,https://productioncommunity.publicmobile.ca/t5/Get-Support/5G-bands/m-p/1034856/highlight/true,2026-10-02
telus-3g,A,TELUS,"3G network retirement: 1 March 2027 nationally, 14 April 2026 in Manitoba",TELUS：3G 网络 2027 年 3 月 1 日全国关闭（曼尼托巴省 2026 年 4 月 14 日）,https://www.telus.com/en/mobility/network/3g-shutdown,2026-10-02
ct-3g-ca,B,Canada Telecoms consumer FAQ,FAQ: 3G/HSPA network discontinuation in Canada,加拿大电信消费者问答：3G/HSPA 退网,https://canadatelecoms.ca/?p=3971,2026-03-16
ms-3g-ca,B,MobileSyrup,Freedom Mobile to shutter 3G in part of Ontario (Rogers completed its 3G shutdown in 2025),MobileSyrup：Freedom 分区关闭 3G；Rogers 已于 2025 年完成 3G 退网,https://mobilesyrup.com/?p=1034160,2026-09
3gpp-36101,A,3GPP (via iTecSpec),"TS 36.101 Rel-19, Table 5.5-1 E-UTRA operating bands",TS 36.101 Rel-19 表 5.5-1 LTE 工作频段,https://itecspec.com/3gpp/36.101/s/5.5,2026-09-30
wiki-lte,C,Wikipedia,LTE frequency bands,LTE 频段（维基百科）,https://en.wikipedia.org/wiki/LTE_frequency_bands,2026-09-30
wiki-nr,C,Wikipedia,5G NR frequency bands (Rel-19),5G NR 频段（维基百科，Rel-19）,https://en.wikipedia.org/wiki/5G_NR_frequency_bands,2026-09-30
itec-bands,C,iTecSpec,3GPP RF bands list,3GPP 频段总表（iTecSpec）,https://itecspec.com/band,2026-09-30
gsma-iot,B,GSMA,Mobile IoT network launches (Nov 2025),GSMA 商用物联网网络名录（2025 年 11 月）,https://www.gsma.com/iot/mobile-iot-commercial-launches/,2025-11
gsa-sunset,B,GSA,2G and 3G Switch-Off – August 2026,GSA《2G 与 3G 退网报告》2026 年 8 月,https://gsacom.com/paper/2g-and-3g-switch-off-august-2026/,2026-08
lr-sunset,B,Light Reading,Europe takes lead in global 2G and 3G switch-off,Light Reading：欧洲领跑全球 2G/3G 退网,https://www.lightreading.com/2g-3g-4g/europe-takes-lead-in-global-2g-and-3g-switch-off,2026-08
gsa-redcap,B,GSA,"5G RedCap webinar, March 2026",GSA 5G RedCap 专题（2026 年 3 月）,https://gsacom.com/paper/5g-redcap-webinar/,2026-03
gsa-redcap-vp,B,GSA,Viewpoint: 5G RedCap – accelerating the next phase of cellular IoT,GSA 观点：5G RedCap 加速蜂窝物联网,https://gsacom.com/?p=20897,2026-04
hn-products,A,Hyper Nexus,Product specifications and certifications (manufacturer data),产品规格与认证（厂商官方资料）,https://www.aiotrf.com/products/mf833v/,2026-09
hn-uk,C,Hyper Nexus,"UK country guide (sources: Ken’s Tech Tips, EE Community)",超级联接英国指南（来源：Ken’s Tech Tips、EE Community）,https://www.aiotrf.com/ai/band-atlas/uk/,2026-09
kimovil-gb,C,Kimovil,Frequency checker · United Kingdom,Kimovil 频段查询 · 英国,https://www.kimovil.com/en/frequency-checker/GB,2026-09-30
vf-merger,A,Vodafone Group,Completion of Vodafone and Three merger in the UK,沃达丰：英国 Vodafone 与 Three 合并完成,https://www.vodafone.com/news/newsroom/corporate-and-financial/completion-of-vodafone-and-three-merger-in-the-uk,2025-06-02
rcr-vf-sa,B,RCR Wireless,Vodafone UK launches Standalone 5G,RCR：Vodafone UK 开通 5G 独立组网,https://www.rcrwireless.com/20230623/featured/vodafone-uk-launches-standalone-5g,2023-06-23
vmo2-sa,A,Virgin Media O2,5G Standalone switch-on in 14 UK cities,Virgin Media O2：14 座城市开通 5G 独立组网,https://news.virginmediao2.co.uk/?p=7435,2024-02-22
rcr-ee-sa,B,RCR Wireless,EE makes 5G SA available to all new and upgrading customers,RCR：EE 向新签与升级用户开放 5G SA,https://www.rcrwireless.com/20250320/5g/rcr-news-brief-ee-vodafone,2025-03-20
fierce-bt,B,Fierce Network,BT eyes 5G RedCap (trial with Nokia and MediaTek),Fierce：BT 试验 5G RedCap,https://www.fierce-network.com/tech/bt-eyes-5g-redcap-and-other-technologies-support-future-iot-growth,2026-09-30
csl-uk,B,CSL Group,UK 2G / 3G switch-off timeline,CSL：英国 2G/3G 退网时间表,https://www.csl-group.com/resources/2g-3g-switch-off/,2026-09-30
hn-us,C,Hyper Nexus,US country guide (sources: frequencycheck.com and others),超级联接美国指南（来源：frequencycheck.com 等）,https://www.aiotrf.com/ai/band-atlas/us/,2026-09
kimovil-us,C,Kimovil,Frequency checker · USA,Kimovil 频段查询 · 美国,https://www.kimovil.com/en/frequency-checker/US,2026-09-30
cellmapper-na,C,CellMapper Wiki,North American networks,CellMapper 北美网络,https://docs.cellmapper.net/mw/North_American_Networks,2026-09-30
att-sa,A,AT&T,5G Standalone goes nationwide (RedCap also nationwide),AT&T：5G SA 全国商用（RedCap 同步全国覆盖）,https://about.att.com/blogs/2025/5g-standalone-nationwide.html,2025-10-08
fierce-us,B,Fierce Network,5G SA update on the Big 3 US operators,Fierce：美国三大运营商 5G SA 进展,https://www.fierce-network.com/wireless/big-3-mnos-us-5g-sa-update,2025
urgent-us,B,Urgent Communications,"AT&T, Verizon chase T-Mobile with nationwide 5G SA",Urgent Comms：AT&T、Verizon 追赶 T-Mobile 的全国 5G SA,https://urgentcomm.com/broadband/at-t-verizon-chase-t-mobile-with-nationwide-5g-sa,2025
phonescoop,B,Phone Scoop,AT&T launches more capable 5G nationwide,Phone Scoop：AT&T 全国开通 5G SA,https://www.phonescoop.com/articles/article.php?a=23616,2025-10-08
lr-tmo,B,Light Reading,T-Mobile to finally turn off 2G,Light Reading：T-Mobile 关闭 2G 计划,https://www.lightreading.com/5g/t-mobile-to-finally-turn-off-2g-in-2024,2023-02
aa-tmo,B,Android Authority,"T-Mobile will shut down 2G GSM on August 3, 2026",Android Authority：T-Mobile 2G 于 2026 年 8 月 3 日关停,https://www.androidauthority.com/t-mobile-2g-shutdown-date-3683679/,2026-07-02
lr-att-nb,B,Light Reading,"AT&T to discontinue NB-IoT, but T-Mobile and Verizon keep the faith",Light Reading：AT&T 停止 NB-IoT，T-Mobile 与 Verizon 继续提供,https://urgentcomm.com/iot/at-t-to-discontinue-nb-iot-but-t-mobile-and-verizon-keep-the-faith,2024-11-21
cp-att-nb,B,Counterpoint Research,AT&T to decommission NB-IoT network by 2025,Counterpoint：AT&T 2025 年前关停 NB-IoT 网络,https://counterpointresearch.com/insight/post-insight-research-notes-blogs-att-to-decommission-nbiot-network-by-2025-due-to-limited-adoption-market-shifts,2024-11-29
eseye-nb,B,Eseye,What’s next for NB-IoT in 2025? (incl. NTT Docomo ending NB-IoT in 2020),Eseye：NB-IoT 的 2025（含 NTT Docomo 2020 年终止 NB-IoT）,https://www.eseye.com/resources/blogs/whats-next-for-nb-iot-in-2025,2025-01-17
kurrant-nb,B,Kurrant,AT&T to shut down NB-IoT; nearly 90% of NB-IoT connections are in China,Kurrant：AT&T 关停 NB-IoT；近九成 NB-IoT 连接在中国,https://kurrant.com/kurrantly-news/att-to-shut-down-nb-iot-network-focuses-on-lte-m-for-iot-growth/,2024-11-24
gsa-redcap-2604,B,GSA,5G RedCap – April 2026 (42 operators in 27 markets; 14 commercial launches),GSA《5G RedCap》2026 年 4 月（27 个市场 42 家；14 家商用）,https://gsacom.com/?p=20288,2026-04
cp-iot-q3,B,Counterpoint Research,Global cellular IoT module shipments up 10% YoY in Q3 2025; Cat-1 bis almost half of shipments,Counterpoint：2025 年三季度蜂窝物联网模组出货同比增 10%，Cat-1 bis 近一半,https://counterpointresearch.com/de/insights/global-cellular-iot-market-q3-2025,2025-12-11
redcap-omdia,B,Private LTE & 5G,"RedCap momentum: Apple Watch, eRedCap, Omdia forecast of ~1 billion connections by 2030",RedCap 进展：Apple Watch、eRedCap、Omdia 预测 2030 年约 10 亿连接,https://www.privatelteand5g.com/?p=16222,2026
eredcap-2026,B,Connectivity Technology,5G RedCap edges closer to reality (eRedCap devices later in 2026),RedCap 走向现实（eRedCap 设备 2026 年下半年上市）,https://www.connectivity.technology/2026/04/5g-redcap-edges-closer-to-reality-but.html,2026-04
kimovil-jp,C,Kimovil,Frequency checker: Japan,Kimovil 频段查询：日本,https://www.kimovil.com/de/frequency-checker/JP,2026-09
freqcheck-jp,C,FrequencyCheck,Japan: frequencies by operator,FrequencyCheck：日本各运营商频段,https://www.frequencycheck.com/countries/japan,2026-09
itmedia-rakuten,B,ITmedia Mobile,"Rakuten Mobile wins the 700 MHz platinum band (4G so far on 1.7 GHz, Band 3, only)",ITmedia：乐天获得 700 MHz 白金频段（此前 4G 仅用 1.7 GHz 的 B3）,https://www.itmedia.co.jp/mobile/amp/2310/23/news146.html,2023-10-23
appllio-rakuten,B,Appllio,Rakuten Mobile starts commercial platinum-band service on 700 MHz (Band 28),Appllio：乐天 700 MHz（B28）白金频段商用,https://appllio.com/news/2024-06-27-52021-rakuten-mobile-platinum-band,2024-06-27
president-rakuten,B,President Online,Rakuten users roamed on KDDI’s platinum band,President：乐天用户漫游 KDDI 的白金频段,https://president.jp/articles/-/75692,2023
yokohama-3g,A,City of Yokohama,"End of feature-phone site; 3G end dates: docomo 2026-03-31, SoftBank 2024-04-15, KDDI 2022-03-31",横滨市：日本三家 3G 结束日期,https://www.city.yokohama.lg.jp/city-info/koho-kocho/koho/other/fp-fin.html,2026-03-17
mynavi-3g,B,Mynavi News,"docomo ends 3G FOMA on 31 March 2026; KDDI ended in 2022, SoftBank in 2024",マイナビ：docomo FOMA 2026-03-31 结束,https://news.mynavi.jp/article/mobiletopics-167/,2026
iphonemania-sb,B,iPhone Mania,SoftBank announces 3G end on 31 January 2024,iPhone Mania：SoftBank 宣布 2024-01-31 结束 3G,https://iphone-mania.jp/news-555533/amp/,2024-01
docomo-sa,A,NTT docomo,Launch of 5G SA on Sub-6 (3.7 GHz / 4.5 GHz),NTT docomo：推出 5G SA（3.7/4.5 GHz）,https://www.docomo.ne.jp/info/news_release/2021/12/13_00.html,2021-12-13
rcr-sb-sa,B,RCR Wireless,SoftBank launches 5G Standalone services in Japan,RCR：SoftBank 在日本推出 5G SA,https://rcrwireless.com/?p=192334,2021
comsoc-kddi-sa,B,IEEE ComSoc Techblog,KDDI turns on its first commercial 5G SA Open RAN site,IEEE ComSoc：KDDI 首个商用 5G SA 站点,https://techblog.comsoc.org/2022/02/18/kddi-claims-worlds-first-5g-standalone-sa-open-ran-site-using-samsung-vran-and-fujitsu-radio-units/,2022-02-18
obs-rakuten,B,5G Observatory,Rakuten launched 5G on NSA; SA planned,5G Observatory：乐天 5G 以 NSA 起步,https://5gobservatory.eu/?p=2184,2020
rcr-jp-5g,B,RCR Wireless,Japan’s 5G launches; Rakuten starts 4G with KDDI roaming,RCR：日本 5G 商用；乐天以 4G 起步并漫游 KDDI,https://rcrwireless.com/?p=184212,2020-03
kimovil-de,C,Kimovil,Frequency checker: Germany,Kimovil 频段查询：德国,https://www.kimovil.com/en/frequency-checker/DE,2026-09
insidedigital-de,B,inside digital,"GSM, LTE and 5G frequencies in Germany",inside digital：德国 GSM、LTE、5G 频段,https://www.inside-digital.de/ratgeber/5g-lte-mobilfunk-frequenzen-deutschland-band-uebersicht,2026
teltarif-lte800,B,teltarif,Why every phone needs LTE 800 (all three networks use 800 MHz),teltarif：三家都用 LTE 800,https://www.teltarif.de/lte800-im-handy,2026
lteanbieter-auction,B,lte-anbieter.info,LTE frequencies and the 2015 auction results (Bundesnetzagentur),lte-anbieter：LTE 频段与 2015 年拍卖结果,https://lte-anbieter.info/ratgeber/frequenzen-lte.php,2026
techbook-3g,B,TECHBOOK,"3G shutdown plans of Telekom, Vodafone and O2 (Telekom: 30 June 2021)",TECHBOOK：德国三家 3G 关停计划,https://www.techbook.de/mobile/3g-abschaltung-telekom-vodafone-o2,2020-09-22
mobiflip-o2-3g,B,mobiFlip,O2 switches off its last 3G sites on 30 December 2021,mobiFlip：O2 于 2021-12-30 关停 3G,https://www.mobiflip.de/shortnews/o2-schaltet-heute-das-3g-netz-ab/,2021-12-30
teltarif-2g,B,teltarif,"After Telekom and Vodafone, o2 also switches off 2G in the second half of 2028",teltarif：O2 于 2028 年下半年关停 2G,https://www.teltarif.de/arch/2026/kw23/s103815.html,2026-06
pctipp-vf-2g,B,PCtipp,Vodafone sets September 2028 for 2G (IoT residual network to end-2030); Telekom 30 June 2028,PCtipp：Vodafone 2028 年 9 月关停 2G,https://pctipp.ch/themen/news/vodafone-nennt-termin-2g,2025
vdma-2g,B,VDMA Lifts and Escalators,"Position paper on the 2G switch-off: about 400,000 lifts affected",VDMA：2G 关停影响约 40 万部电梯,https://www.tga-fachplaner.de/sites/default/files/2026-08/vdma-positionspapier_2g-abschaltung_26.08.2026.pdf,2026-08-26
fierce-o2-sa,B,Fierce Network,Telefónica readies 5G SA launch in Germany (Vodafone launched in 2021–22),Fierce：O2 德国推出 5G SA,https://fierce-network.com/5g/telefonica-readies-5g-standalone-launch-germany,2023-10
fierce-dt-sa,B,Fierce Network,"Deutsche Telekom touts 5G SA rollout (3.6 GHz for 5G, 2.1 GHz shared)",Fierce：德国电信 5G SA（3.6 GHz 专用，2.1 GHz 共享）,https://www.fierce-network.com/5g/deutsche-telekom-touts-5g-sa-rollout-germany,2022
dpa-telekom-sa,B,dpa-AFX,Telekom opens 5G SA to private customers,dpa-AFX：德国电信向个人用户开放 5G SA,https://www.deraktionaer.de/nachricht/telekom-bietet-privatkunden-zugang-zu-reinem-5g-mobilfunk-403042.html,2024-10-16
kimovil-fr,C,Kimovil,Frequency checker: France,Kimovil 频段查询：法国,https://www.kimovil.com/fr/frequency-checker/FR,2026-09
anfr-2403,A,ANFR,"Monthly mobile network observatory, 1 March 2024 (5G bands by operator)",ANFR：移动网络部署月报（2024-03，按运营商列出 5G 频段）,https://www.anfr.fr/fileadmin/mediatheque/documents/Observatoire/0324/CP_observatoire_mars.pdf,2024-03-04
selectra-fr,B,Selectra,4G relays by band and operator (ANFR data),Selectra：按运营商与频段的 4G 站点（ANFR 数据）,https://selectra.info/telecom/actualites/acteurs/choisir-smartphone-selon-operateur,2018
freenews-bands,B,Freenews,"Free Mobile needs B3, B7 and B28; the others add B20",Freenews：Free 用 B3、B7、B28，其他三家另有 B20,https://www.freenews.fr/?p=22308,2026
nextink-700,B,Next,"700 MHz auction: Free and Orange 10 MHz each, Bouygues and SFR 5 MHz; Free has no 800 MHz",Next：700 MHz 拍卖结果；Free 没有 800 MHz,https://next.ink/16270/97356-700-mhz-encheres-montent-a-28-milliards-deuros-free-et-orange-repartent-avec-10-mhz/,2015-11
arcep-2g3g,A,Arcep,Switch-off of 2G and 3G mobile networks: operator timetable,Arcep：2G/3G 关停时间表,https://www.arcep.fr/mes-demarches-et-services/consommateurs/fiches-pratiques/extinction-reseaux-mobiles-2g-3g.html,2026
nextink-2g,B,Next,2G ends at all four national operators by end-2026; 1.91 million 2G/3G-only SIMs,Next：2026 年底四家全部关停 2G；191 万张 2G/3G 专用 SIM,https://next.ink/?p=258284,2026-09
bdt-2g,B,Banque des Territoires,2G/3G switch-off: timetable adjusted (Orange starts 31 March 2026),Banque des Territoires：2G/3G 关停时间调整,https://www.banquedesterritoires.fr/extinction-de-la-2g3g-un-calendrier-ajuste-la-marge-une-echeance-preparer,2025-07
degroup-sa,B,DegroupTest (Opensignal data),"5G SA in France: launch dates and time spent on SA, Q1 2026",DegroupTest：法国 5G SA 开通时间与使用占比,https://www.degrouptest.com/actualite/5g-standalone-france-free-loin-devant-opensignal,2026-06-19
fierce-free-sa,B,Fierce Network,France’s Free launches 5G SA nationally,Fierce：Free 在法国全国推出 5G SA,https://www.fierce-network.com/modernization/frances-free-joins-5g-sa-party,2024-09
kimovil-ae,C,Kimovil,Frequency checker: United Arab Emirates,Kimovil 频段查询：阿联酋,https://www.kimovil.com/en/frequency-checker/AE,2026-09
powertec-eand,B,Powertec,"Etisalat UAE: LTE on B3/B7 (2011), B20 added in 2014; 3G shut down December 2022",Powertec：e& 的 LTE 频段；3G 于 2022 年 12 月关停,https://portal.powertec.com.au/industry-resources/companies/etisalat-uae,2026
capacity-eand,B,Capacity Media,Etisalat’s LTE-Advanced combines 1800 MHz and 800 MHz,Capacity：e& 的 LTE-A 使用 1800 与 800 MHz,https://capacitymedia.com/article/29ot6cjix0v82lu8ppbls/news/etisalat-reveals-first-lte-a-network-for-uae,2014
devicebeast-eand,C,DeviceBeast,"Etisalat UAE networks: LTE B3, B7, B20; NR n78",DeviceBeast：e& 网络频段,https://devicebeast.com/mobile-operator/etisalat-uae,2026
wiki-du,C,Wikipedia,"du (company): radio frequency summary (GSM 900, UMTS B1, LTE B3 and B20)",维基百科：du 频段一览,https://en.wikipedia.org/wiki/Du_(company),2026
powertec-du,B,Powertec,"du: LTE B3 (2012), LTE-A with B3 + B20 (2015), NB-IoT on B20 (2019); 3G still active",Powertec：du 的 LTE 与 NB-IoT；3G 仍在运营,https://portal.powertec.com.au/industry-resources/companies/du,2026
operatorwatch-ae,C,OperatorWatch,UAE: both operators hold 100 MHz in 3.3–3.8 GHz for 5G,OperatorWatch：两家各获 100 MHz 的 3.3–3.8 GHz 频谱,https://www.operatorwatch.com/2020/04/4g-connectivity-in-uae-becoming.html,2020-04
cms-ae,B,CMS,5G regulation and law in the UAE (du launched 5G SA in 2023; e& for mobile users in October 2023),CMS：阿联酋 5G 法规（du 与 e& 于 2023 年推出 5G SA）,https://cms.law/en/int/expert-guides/cms-expert-guide-to-5g-regulation-and-law/united-arab-emirates,2026
kimovil-sa,C,Kimovil,Frequency checker: Saudi Arabia,Kimovil 频段查询：沙特,https://www.kimovil.com/en/frequency-checker/SA,2026-09
powertec-stc,B,Powertec,"stc KSA: LTE B40 (2011), B3 (2013), B1 and B8 after the 3G shutdown; NB-IoT on B28; n78",Powertec：stc 的 LTE、NB-IoT 与 5G 频段,https://portal.powertec.com.au/industry-resources/companies/stc-ksa,2026
powertec-mobily,B,Powertec,Mobily: LTE on B38 TDD (2011) and B3 FDD (2013); 3G on B1 and B8 still active,Powertec：Mobily 的 LTE；3G 仍在运营,https://portal.powertec.com.au/industry-resources/companies/mobily,2026
powertec-zain,B,Powertec,"Zain KSA: LTE on B3, B1, B8 and B38 TDD; 3G shut down January 2024",Powertec：Zain 的 LTE；3G 于 2024 年 1 月关停,https://portal.powertec.com.au/industry-resources/companies/zain-ksa,2026
rcr-zain,B,RCR Wireless,Zain Saudi Arabia launched LTE-A aggregating 1800 MHz and 2.1 GHz,RCR：Zain 沙特 LTE-A 聚合 1800 与 2100 MHz,https://rcrwireless.com/20150625/carriers/nokia-du-launch-lte-a-network-in-united-arab,2015-06-25
argaam-sa,B,Argaam,"CITC awards 2300–2600 MHz spectrum to STC (2300 MHz), Zain and Mobily",Argaam：沙特监管机构分配 2300–2600 MHz 频谱,https://www.argaam.com/en/article/articledetail/id/590961,2019-01-23
stc-3g,A,stc,3G shutdown in Q4 2022 and 2G in Q4 2025 (business plan),stc：3G 于 2022 年四季度、2G 于 2025 年四季度关停（计划）,https://www.stc.com.sa/en/business/static/3G-shutdown.html,2022
icio-stc,B,Intelligent CIO,stc announces the first 5G SA and VoNR deployment in MENA,Intelligent CIO：stc 在中东北非率先部署 5G SA,https://www.intelligentcio.com/me/2020/09/10/stc-announces-first-deployment-of-5g-standalone-in-mena/,2020-09-10
satpro-stc,B,SatellitePro ME,stc combines NR FDD 700 MHz with NR TDD 3.6 GHz,SatellitePro：stc 的 5G 使用 700 MHz FDD 与 3.6 GHz TDD,https://satelliteprome.com/?p=11888,2020
eme-stc,B,Economy Middle East,"stc switches on 600 MHz (n71) and expands 5G SA to over 9,500 sites",Economy Middle East：stc 启用 600 MHz（n71），扩展 5G SA,https://economymiddleeast.com/news/stc-group-expands-saudi-arabia-5g-network-over-9500-connectivity-1446-ah-hajj-season,2025
iotsf-red,B,IoT Security Foundation,EU RED executive brief: delegated act (EU) 2022/30 applies from 1 August 2025; EN 18031-1/-2/-3:2024,IoT 安全基金会：RED 网络安全授权法案自 2025 年 8 月 1 日起适用,https://iotsecurityfoundation.org/wp-content/uploads/2025/09/EUROPEAN-UNION-RADIO-EQUIPMENT-DIRECTIVE-EU-RED-EXECUTIVE-BRIEF.pdf,2025-09
bsi-red,B,BSI,RED cybersecurity FAQ: the RED governs CE marking of radio equipment; three new essential requirements,BSI：RED 网络安全常见问题,https://www.bsigroup.com/siteassets/pdf/en/products-and-services/bsi_radio_equipment_directive-cybersecurity_faq_flyer_a4_241014.pdf,2024-10
vdma-red,B,VDMA,"New RED cybersecurity requirements from 1 August 2025, including combined machines",VDMA：RED 网络安全新要求（含组合设备）,https://www.vdma.org/ru/kalender/-/event/view/106233,2025
gov-psti,A,GOV.UK,"Regulations: consumer connectable product security (PSTI), in effect from 29 April 2024",英国政府：消费类联网产品安全制度（PSTI）自 2024 年 4 月 29 日起生效,https://www.gov.uk/guidance/regulations-consumer-connectable-product-security,2024
bsi-psti,B,BSI,PSTI Act 2022 FAQ: separate from the EU RED; the statement of compliance must accompany the product,BSI：PSTI 常见问题,https://bsigroup.com/siteassets/pdf/en/products-and-services/bsi-psti-act-2022-faq-a4-flyer-engb-apr-2024-v4.pdf,2024-04
att-iot,A,AT&T,IoT device certification FAQ: PTCRB is a prerequisite; FCC grant and PTCRB with TRP/TIS results before lab entry,AT&T：物联网设备认证常见问题,https://iotdevices.att.com/contact.aspx,2026
ptcrb-10,A,PTCRB,10 steps to PTCRB certification for cellular-enabled IoT devices,PTCRB：蜂窝物联网设备认证十步,https://www.ptcrb.com/wp-content/uploads/2021/12/10_Steps_to_PTCRB_Cert_for_Cell_Enabled_IoT_Devices-V2.pdf,2021-12
aeris-fcc,B,Aeris,"Device and application certification: FCC Parts 15, 22 and 24 for US IoT devices",Aeris：美国物联网设备的 FCC 要求,https://support.aeris.net/hc/en-us/articles/360036905053-Device-and-Application-Certification,2026
navixy-us,C,Navixy,Certification in the US: T-Mobile and U.S. Cellular require FCC and PTCRB first; Verizon Open Development,Navixy：美国认证整理,https://docs.navixy.com/expert-center/certification-in-the-us,2026
applus-kc,B,Applus+ Laboratories,"South Korea radio type approval (KC): RRA, testing in Korea, local representative",Applus：韩国 KC 型号认证,https://appluslaboratories.com/global/en/what-we-do/service-sheet/south-korea-radio-type-approval,2026
cetecom-kc,B,CETECOM advanced,KC certification: the RRA does not accept EN or FCC test reports,CETECOM：韩国 KC 认证,https://cetecomadvanced.com/en/certification/kc-certification/,2026
eleos-kc,B,Eleos Compliance,Korean KC certification under Article 58-2 of the Radio Waves Act,Eleos：韩国 KC 认证（《电波法》第 58-2 条）,https://eleoscompliance.com/en/article/south-korea-korean-kc-certification,2025-10-08
applus-cn,B,Applus+ Laboratories,"China radio type approval: CCC, SRRC (issued by MIIT, 5-year validity) and NAL",Applus：中国 CCC、SRRC 与进网许可,https://www.appluslaboratories.com/global/es/what-we-do/service-sheet/china-radio-type-approval-,2026
microchip-srrc,B,Microchip,Module labelling in China: a module’s type approval does not make the end device compliant,Microchip：模组型号核准不代表整机合规,https://onlinedocs.microchip.com/oxy/GUID-8916A6CE-38AD-498B-AF61-7D53BE14544E-en-US-4/GUID-53C171EC-E3D3-469C-8BF5-1A62F3BA6095.html,2026
applus-jp,B,Applus+ Laboratories,Japan radio type approval (MIC): Radio Law and Telecommunications Business Law,Applus：日本 MIC 认证（《电波法》与《电气通信事业法》）,https://www.appluslaboratories.com/global/en/what-we-do/service-sheet/japan-radio-type-approval-(mic),2026
teltonika-jp,B,Teltonika Networks,RUT951 Giteki: MIC [R] and JATE [T] certificates for one cellular router,Teltonika：蜂窝路由器同时持有 MIC 与 JATE 证书,https://wiki.teltonika-networks.com/view/RUT951_Giteki,2026
bv-jp,B,Bureau Veritas,Japan Giteki for IoT products: IoT equipment also has to meet security requirements,Bureau Veritas：日本物联网设备还需满足安全要求,https://www.cps.bureauveritas.com/newsroom/technology-update-eaw-news-apr-2020,2020-04
chambers-jp,B,Chambers and Partners,"Japan: certification by MRA partners (USA, EU, UK, Singapore) is accepted for the R mark",Chambers：日本互认协议（美、欧、英、新）,https://gpg-pdf.chambers.com/view/731628805/177/,2026
tuv-ae,B,TÜV SÜD,"Global market access, UAE: TDRA type approval, local representative, 3-year validity",TÜV 南德：阿联酋 TDRA 型号认证,https://www.tuvsud.com/en/services/global-market-access/united-arab-emirates,2026
tuv-sa,B,TÜV SÜD,"Global market access, Saudi Arabia: CST equipment approval based on EN test reports",TÜV 南德：沙特 CST 设备认证,https://www.tuvsud.com/en/services/global-market-access/saudi-arabia,2026
ibl-sa,B,IB-Lenhardt,"Type approval Saudi Arabia: CST (formerly CITC), based on CE/RED, about 8 weeks, 24-month validity",IB-Lenhardt：沙特型号认证（英文页）,https://www.ib-lenhardt.com/type-approval/saudi-arabia,2026
ibl-sa-fr,B,IB-Lenhardt,"Homologation Arabie saoudite (French page): 12-month validity, local representative listed as required",IB-Lenhardt：沙特型号认证（法文页）,https://ib-lenhardt.com/fr/homologation-type/saudi-arabia,2026
gsma-tac,A,GSMA,TAC allocation and IMEI programming rules (training module 1),GSMA：TAC 与 IMEI 规则,https://gsma.com/solutions-and-impact/industry-services/device-services/wp-content/uploads/2024/02/GSMA_TAC-Allocation-Training-Modules_1_Programming_Rules.pdf,2023-12
gsma-iot-tac,A,GSMA,How do I get a TAC/IMEI for my Mobile IoT device?,GSMA：物联网设备如何获得 TAC 与 IMEI,https://www.gsma.com/solutions-and-impact/technologies/internet-of-things/gsma_resources/how-do-i-get-a-tac-imei-for-my-mobile-iot-device/,2026
nextgov-si,B,Nextgov/FCW,White House unveils “super intelligence” executive order and industry accord,Nextgov：白宫发布超级智能行政令与行业协议,https://www.nextgov.com/artificial-intelligence/2026/09/white-house-unveils-super-intelligence-executive-order-and-industry-accord/416325/,2026-09-29
cnbc-si,B,CNBC,Trump tries to rename AI “super intelligence” as polls show him sinking on key issue,CNBC：行政令《开启超级智能时代》与舆论,https://www.cnbc.com/2026/09/29/trump-ai-super-intelligence.html,2026-09-29
fox-si,B,Fox Business,Trump signs executive order rebranding AI as “Super Intelligence” as tech titans ink separate SI accord,Fox Business：联邦机构改用“超级智能 / SI”,https://www.foxbusiness.com/politics/trump-signs-executive-order-rebranding-ai-super-intelligence-tech-titans-ink-separate-accord,2026-09-29
hill-si,B,The Hill,AI firms sign “morally binding” self-policing pledge in White House meeting,The Hill：科技公司签署自律承诺,https://thehill.com/homenews/administration/6118906-tech-ceos-sign-white-house-ai-accord/,2026-09-29
mlex-si,B,MLex,Trump releases self-regulatory accord for frontier AI models,MLex：前沿模型自律协议的四层要求,https://www.mlex.com/mlex/artificial-intelligence/articles/2531712,2026-09-29
abc-si,B,ABC News,Trump says AI leaders signed a “constitution” to police themselves,ABC News：协议为自愿承诺，尚未写入法律,https://abcnews.com/Politics/top-ai-leaders-meet-trump-white-house-amid/story?id=136832988,2026-09-29
fpj-si,C,Free Press Journal,Tech chiefs sign voluntary Super Intelligence accord at White House,Free Press Journal：协议的签署方与四层框架,https://www.freepressjournal.in/tech/morally-binding-tech-chiefs-sign-voluntary-super-intelligence-accord-at-white-house,2026-09-30
kimovil-qa,C,Kimovil,Frequency checker: Qatar (operator coverage),Kimovil 频段查询：卡塔尔,https://www.kimovil.com/en/frequency-checker/QA/vivo-iqoo-13,2026-09
powertec-ooredoo-qa,B,Powertec,"Ooredoo Qatar: LTE on B7 and B20 (2013), B3 added (2015); n78 from May 2018",Powertec：Ooredoo 卡塔尔的 LTE 与 5G,https://portal.powertec.com.au/industry-resources/companies/ooredoo-qatar,2026
powertec-vodafone-qa,B,Powertec,"Vodafone Qatar: LTE on B20 (2014), B3 and B7 (2015); n78 commercial August 2018",Powertec：Vodafone 卡塔尔的 LTE 与 5G,https://portal.powertec.com.au/industry-resources/companies/vodafone-qatar,2026
cra-3g,B,Gulf Times,CRA mandates the end of 3G in Qatar by 31 December 2025; import of 2G/3G-only phones banned,海湾时报：卡塔尔监管局要求 2025-12-31 前关停 3G,https://www.gulf-times.com/article/688896/qatar/cra-announces-cessation-of-3g-mobile-telecommunications-services-by-december-31-2025/amp,2024-08-19
rcr-qa,B,RCR Wireless,Qatar to shut down 3G by end-2025; only VoLTE devices with CRA type approval,RCR：卡塔尔 3G 关停与 VoLTE 设备要求,https://rcrwireless.com/20240822/networks/qatar-shut-down-3g-networks-end-2025,2024-08-22
kimovil-kw,C,Kimovil,Frequency checker: Kuwait,Kimovil 频段查询：科威特,https://www.kimovil.com/en/frequency-checker/KW,2026-09
powertec-ooredoo-kw,B,Powertec,"Ooredoo Kuwait: LTE on B3 (2013), LTE-A with B3 + B20 (2015); n78 from June 2019",Powertec：Ooredoo 科威特的 LTE 与 5G,https://portal.powertec.com.au/industry-resources/companies/ooredoo-kuwait,2026
obg-kw,B,Oxford Business Group,Kuwait authorises all three operators to launch LTE on 1800 MHz (2012),牛津商业集团：科威特三家在 1800 MHz 上开通 LTE,https://oxfordbusinessgroup.com/reports/kuwait/2013-report/economy/fast-four-new-mobile-technologies-offer-competitive-advantages,2013
prepaid-kw,C,Prepaid Data SIM Card Wiki,Kuwait: LTE mainly on 1800 MHz (B3) and 800 MHz (B20) across the operators,社区百科：科威特 LTE 以 B3、B20 为主,https://prepaid-data-sim-card.fandom.com/wiki/Kuwait,2026
kimovil-il,C,Kimovil,Frequency checker: Israel,Kimovil 频段查询：以色列,https://www.kimovil.com/en/frequency-checker/IL,2026-09
fierce-il,B,Fierce Network,Cellcom and Pelephone follow Partner with LTE launches in Israel (1800 MHz),Fierce：以色列三家在 1800 MHz 上开通 LTE,https://www.fierce-network.com/europe/cellcom-pelephone-follow-partner-lte-launches-israel,2014
capacity-il,B,Capacity Media,"Israel awards 1800 MHz for 4G: Pelephone, Partner, Golan, HOT Mobile, Marathon 018, Cellcom",Capacity：以色列 1800 MHz 4G 频谱分配,https://capacitymedia.com/article/29ot6yez83ccbe5yq73ls/news/israel-awards-1800mhz-band-for-4g,2015
partner-5g,A,Partner Communications,"Frequencies tender results: 10 MHz at 700 MHz, 20 MHz at 2600 MHz and 100 MHz at 3500 MHz for Partner and HOT Mobile",Partner 公告：5G 频谱招标结果（700 / 2600 / 3500 MHz）,https://www.partner.co.il/globalassets/global/PR_5Gtender_EngHeb_isa.pdf,2020-08-13
telecompaper-il,B,Telecompaper,Israeli mobile operators acquire 5G spectrum: Cellcom and Pelephone get the same 700 / 2600 / 3500 MHz blocks,Telecompaper：Cellcom、Pelephone 获得相同的 5G 频谱,https://www.telecompaper.com/news/israeli-mobile-operators-acquire-5g-spectrum-in-tender--1350223,2020-08-13
mwl-il,B,Mobile World Live,Israel tender: 700 MHz and 2100 MHz also for 4G; 2.6–3.8 GHz for 5G only,Mobile World Live：以色列招标中 2.6–3.8 GHz 仅用于 5G,https://www.mobileworldlive.com/?p=250508,2019-07
partner-sunset,A,Partner Communications,Ministry of Communications decision: 2G and 3G end on 31 December 2025; no new 2G/3G-only devices (incl. M2M) from 1 January 2023,Partner 公告：以色列通信部决定 2025-12-31 关停 2G/3G,https://www.partner.co.il/globalassets/global/PRcellularnetworksisa.pdf,2021-06-28
caict-il,B,CAICT,Israel MoC reminder: from 1 January 2026 only 4G VoLTE and 5G devices work,中国信通院：以色列 2026 年起只有 VoLTE 与 5G 设备可用,https://gma.caict.ac.cn/en/update/9/1001,2025-07
jpost-il,B,The Jerusalem Post,Israel to phase out 2G and 3G by the end of 2025,耶路撒冷邮报：以色列 2025 年底前淘汰 2G/3G,https://jpost.com/israel-news/israel-to-phase-out-2g-3g-internet-by-2025-672187,2021-06
jiemian,B,界面新闻,China Mobile 2G licence ends 2025-12-31; Verizon 3G closed 2022-12-31,界面新闻：中国移动 2G 频段使用期限至 2025-12-31；Verizon 3G 2022-12-31 关闭,https://www.jiemian.com/article/14586862.html,2026-04
hn-kr,C,Hyper Nexus,South Korea country guide (sources: frequencycheck.com and others),超级联接韩国指南（来源：frequencycheck.com 等）,https://www.aiotrf.com/ai/band-atlas/kr/,2026-09
cms-kr,B,CMS Law,5G regulation and law in South Korea,CMS：韩国 5G 法规指南,https://cms.law/en/int/expert-guides/cms-expert-guide-to-5g-regulation-and-law/south-korea,2024
telecoms-28,B,telecoms.com,South Korea cancels SKT’s 28 GHz 5G licence,telecoms.com：韩国收回 SKT 28 GHz 牌照,https://www.telecoms.com/5g-6g/south-korea-cancels-skt-s-28-ghz-5g-licence,2023-05
tp-skt-2g,B,Telecompaper,SK Telecom to end 2G service on 6 July,Telecompaper：SKT 7 月 6 日起结束 2G,https://www.telecompaper.com/news/sk-telecom-to-end-2g-service-on-6-july--1342837,2020-06-17
yonhap-2g,B,Yonhap,S. Korea to end 2G network services by June,韩联社：韩国 6 月底前结束 2G,https://v.daum.net/v/20210117160526308,2021-01-17
mt-3g,B,머니투데이 (MT),SKT to gradually end 3G by end-2027; KT preparing to halt new sign-ups,MT：SKT 2027 年底前逐步结束 3G；KT 准备停止新开户,https://www.mt.co.kr/en/tech/2026/08/20/2026082016554318224,2026-08-20
itsb-3g,B,IT时报（36氪转载）,2G/3G switch-off sprint in China; Korea’s WCDMA rights expire 2026-12-31,IT时报：2G/3G 退网冲刺；韩国 WCDMA 频率 2026-12-31 到期,https://www.36kr.com/p/3844242682333445,2026-06-08
hn-cn,C,Hyper Nexus,"China F40 guide (sources: aode8.com, CSDN)",超级联接中国 F40 指南（来源：奥德彪学习网、CSDN）,https://www.aiotrf.com/ai/band-atlas/cn/,2026-09
aode8,C,奥德彪学习网,China operators’ 5G / 4G spectrum overview,四家运营商 5G / 4G 频谱全景对照表,https://www.aode8.com/zhide/info/26150.html,2026-09
csdn-cn,C,CSDN,LTE bands of China’s three operators,国内三大运营商 4G 频段,https://blog.csdn.net/gsls200808/article/details/121512931,2026-09
ithome-cu,B,IT之家,China Unicom to exit 2G; China Telecom began closing 3G in Yunnan (June 2020),IT之家：中国联通 2G 加快退网；中国电信 2020 年 6 月起在云南关闭 3G,https://www.ithome.com/0/574/105.htm,2021
tg-3g,B,TeleGeography,2G and 3G shutdowns continue,TeleGeography：2G 与 3G 关停持续,https://blog.telegeography.com/2g-and-3g-shutdowns-continue?hsLang=en,2025
kimovil-ru,C,Kimovil,Frequency checker · Russia (4G bands by operator),Kimovil 频段查询 · 俄罗斯（各运营商 4G 频段）,https://www.kimovil.com/en/frequency-checker/RU,2026-10-06
pds-ru,D,Prepaid Data SIM Card wiki,"Russia: 4G on 800 and 2600 MHz on all operators since 2012/13, 1800 MHz added later; TD-LTE 2600 in Moscow; Tele2 on 2300 MHz",预付费数据卡百科：俄罗斯各运营商 2012/13 年起 800 与 2600 MHz 开通 4G，后加 1800 MHz；莫斯科有 TD-LTE 2600；Tele2 用 2300 MHz,https://prepaid-data-sim-card.fandom.com/wiki/Russia,2026-10-06
wiki-lte-asia,C,Wikipedia,List of LTE networks in Asia (bands in use by operator),维基百科：亚洲 LTE 网络列表（各运营商在用频段）,https://en.wikipedia.org/wiki/List_of_LTE_networks_in_Asia,2026-10-06
wiki-lte-world,C,Wikipedia,"List of LTE networks (Americas, Caribbean and Oceania: bands by operator)",维基百科：LTE 网络列表（美洲、加勒比与大洋洲各运营商频段）,https://en.wikipedia.org/wiki/List_of_LTE_networks,2026-10-06
wiki-lte-africa,C,Wikipedia,List of LTE networks in Africa (bands by operator),维基百科：非洲 LTE 网络列表（各运营商频段）,https://en.wikipedia.org/wiki/List_of_LTE_networks_in_Africa,2026-10-06
kimovil-cz,C,Kimovil,Frequency Checker: Czech Republic (bands by operator),Kimovil 频段查询：捷克（各运营商频段）,https://www.kimovil.com/en/frequency-checker/CZ,2026-10-06
kimovil-hu,C,Kimovil,Frequency Checker: Hungary (bands by operator),Kimovil 频段查询：匈牙利（各运营商频段）,https://www.kimovil.com/en/frequency-checker/HU,2026-10-06
kimovil-ro,C,Kimovil,Frequency Checker: Romania (bands by operator),Kimovil 频段查询：罗马尼亚（各运营商频段）,https://www.kimovil.com/en/frequency-checker/RO,2026-10-06
kimovil-vn,C,Kimovil,Frequency checker · Vietnam,Kimovil 频段查询 · 越南,https://www.kimovil.com/en/frequency-checker/VN,2026-10-03
cm-ph,C,CellMapper,Philippine networks: bands by operator,CellMapper：菲律宾各运营商的频段,https://docs.cellmapper.net/mw/Philippine_Network,2023-12-08
cm-dito,C,CellMapper,"DITO Telecommunity: LTE and NR bands, with B34 never deployed",CellMapper：DITO 的 LTE 与 NR 频段（B34 从未部署）,https://docs.cellmapper.net/mw/Dito_Telecommunity,2026-10-03
ow-co,C,OperatorWatch,"Colombia: 4G on B7 (Claro, Tigo) and AWS B4 (Movistar, Tigo, WOM)",OperatorWatch：哥伦比亚 4G 在 B7（Claro、Tigo）与 AWS B4（Movistar、Tigo、WOM）,https://www.operatorwatch.com/2022/08/colombians-pin-their-hopes-on-5g-due-to.html,2022-08
os-co,B,Opensignal,How Colombian operators refarm 1900 MHz for 4G,Opensignal：哥伦比亚运营商把 1900 MHz 改用于 4G,https://insights.opensignal.com/2022/05/11/como-los-operadores-colombianos-estan-reutilizando-el-espectro-existente-para-los-servicios-4g,2022-05-11
kimovil-th,C,Kimovil,Frequency checker · Thailand,Kimovil 频段查询 · 泰国,https://www.kimovil.com/ru/frequency-checker/TH,2026-10-03
kimovil-my,C,Kimovil,Frequency checker · Malaysia,Kimovil 频段查询 · 马来西亚,https://www.kimovil.com/en/frequency-checker/MY,2026-10-03
kimovil-ph,C,Kimovil,Frequency checker · Philippines,Kimovil 频段查询 · 菲律宾,https://www.kimovil.com/en/frequency-checker/PH,2026-10-03
kimovil-co,C,Kimovil,Frequency checker · Colombia,Kimovil 频段查询 · 哥伦比亚,https://www.kimovil.com/es/frequency-checker/CO,2026-10-03
kimovil-pe,C,Kimovil,Frequency checker · Peru,Kimovil 频段查询 · 秘鲁,https://www.kimovil.com/es/frequency-checker/PE,2026-10-03
fc-pe,C,FrequencyCheck,Peru: carriers and bands in use (updated 2024-08-09),FrequencyCheck：秘鲁运营商与在用频段（2024-08-09 更新）,https://www.frequencycheck.com/countries/peru,2024-08-09
kimovil-cl,C,Kimovil,Frequency checker · Chile,Kimovil 频段查询 · 智利,https://www.kimovil.com/es/frequency-checker/CL,2026-10-03
kimovil-ar,C,Kimovil,Frequency checker · Argentina,Kimovil 频段查询 · 阿根廷,https://www.kimovil.com/es/frequency-checker/AR,2026-10-03
kimovil-za,C,Kimovil,Frequency checker · South Africa,Kimovil 频段查询 · 南非,https://www.kimovil.com/es/frequency-checker/ZA,2026-10-03
kimovil-om,C,Kimovil,Frequency checker · Oman,Kimovil 频段查询 · 阿曼,https://www.kimovil.com/en/frequency-checker/OM,2026-10-03
kimovil-bh,C,Kimovil,Frequency checker · Bahrain,Kimovil 频段查询 · 巴林,https://www.kimovil.com/ru/frequency-checker/BH,2026-10-03
kimovil-hk,C,Kimovil,"Frequency checker · Hong Kong, China",Kimovil 频段查询 · 中国香港,https://www.kimovil.com/de/frequency-checker/HK,2026-10-03
kimovil-tw,C,Kimovil,"Frequency checker · Taiwan, China",Kimovil 频段查询 · 中国台湾,https://www.kimovil.com/ru/frequency-checker/TW,2026-10-03
kimovil-ie,C,Kimovil,Frequency checker · Ireland,Kimovil 频段查询 · 爱尔兰,https://www.kimovil.com/fr/frequency-checker/IE,2026-10-03
kimovil-be,C,Kimovil,Frequency checker · Belgium,Kimovil 频段查询 · 比利时,https://www.kimovil.com/en/frequency-checker/BE,2026-10-03
kimovil-ch,C,Kimovil,Frequency checker · Switzerland,Kimovil 频段查询 · 瑞士,https://www.kimovil.com/en/frequency-checker/CH,2026-10-03
kimovil-at,C,Kimovil,Frequency checker · Austria,Kimovil 频段查询 · 奥地利,https://www.kimovil.com/en/frequency-checker/AT,2026-10-03
kimovil-pt,C,Kimovil,Frequency checker · Portugal,Kimovil 频段查询 · 葡萄牙,https://www.kimovil.com/en/frequency-checker/PT,2026-10-03
kimovil-se,C,Kimovil,Frequency checker · Sweden,Kimovil 频段查询 · 瑞典,https://www.kimovil.com/de/frequency-checker/SE,2026-10-03
kimovil-dk,C,Kimovil,Frequency checker · Denmark,Kimovil 频段查询 · 丹麦,https://www.kimovil.com/en/frequency-checker/DK,2026-10-03
kimovil-no,C,Kimovil,Frequency checker · Norway,Kimovil 频段查询 · 挪威,https://www.kimovil.com/en/frequency-checker/NO,2026-10-03
wl-sunset,B,Wireless Logic,"Global 2G & 3G network closures, by country and operator (2026 update)",Wireless Logic：全球 2G/3G 退网清单（按国家与运营商，2026 年更新）,https://wirelesslogic.com/iot-sim/global-network-closures,2026-10-04
td-sunset,C,ThingsData,2G/3G network sunset update 2026,ThingsData：2026 年 2G/3G 退网更新,https://thingsdata.com/news/2g-3g-sunset-update-global-iot-2026/,2026-10-04
ma-za,C,MobilityArena,Mobile networks in South Africa: technologies and bands by operator,MobilityArena：南非各运营商的网络技术与频段,https://mobility.com.ng/?p=333924,2026-10-04
mdb-ie,B,Mast Database,"Irish ARFCN list: LTE carriers measured per operator (B3, B20, B28)",Mast Database：爱尔兰各运营商实测的 LTE 载波（B3、B20、B28）,https://mastdatabase.co.uk/ie/arfcn-list/,2026-10-04
wp-three-ie,C,Wikipedia,"Three Ireland: known frequencies (LTE B28, B20, B3, B1, B7; NR n3)",维基百科：Three Ireland 已知频段（LTE B28、B20、B3、B1、B7；NR n3）,https://en.wikipedia.org/wiki/Three_Ireland,2026-10-04
pt-eir,C,Powertec,"Eir: LTE B3 and B20 since 2013, B1 added December 2020",Powertec：Eir 自 2013 年起用 B3、B20，2020 年 12 月加 B1,https://portal.powertec.com.au/industry-resources/companies/eir,2026-10-04
ow-no,C,OperatorWatch,"Norway: 4G data on B3, B7 or B20; 3G closed 2020/21",OperatorWatch：挪威 4G 在 B3、B7 或 B20；3G 已于 2020/21 年关闭,https://www.operatorwatch.com/2022/02/norway-is-global-leader-in-opensignal.html,2022-02
pt-ice,C,Powertec,"Ice (Norway): LTE B3, B8, B20 (and B31); 5G n1 and n28 since November 2021",Powertec：Ice（挪威）LTE B3、B8、B20（另有 B31）；2021 年 11 月起 5G n1、n28,https://portal.powertec.com.au/industry-resources/companies/ice,2026-10-04
pt-omantel,C,Powertec,"Omantel: LTE B40 (2012) and B3 (December 2012); B7 and B20 spectrum since 2015, activation unclear",Powertec：Omantel 2012 年起 LTE B40、B3；2015 年取得 B7、B20 频谱，启用情况不明,https://portal.powertec.com.au/industry-resources/companies/omantel,2026-10-04
pt-ooredoo-om,C,Powertec,"Ooredoo Oman: LTE B3 (2013), B40 fixed wireless (2014), B20 (2016); 2G closure announced for July 2024",Powertec：Ooredoo 阿曼 LTE B3（2013）、B40 固定无线（2014）、B20（2016）；2G 宣布于 2024 年 7 月关闭,https://portal.powertec.com.au/industry-resources/companies/ooredoo-oman,2026-10-04
ow-om,C,OperatorWatch,"Oman: 4G on B3 since 2013 (Omantel, Ooredoo); Ooredoo added B20, Omantel B40",OperatorWatch：阿曼 2013 年起 4G 用 B3（Omantel、Ooredoo）；Ooredoo 加 B20，Omantel 加 B40,https://www.operatorwatch.com/2022/03/3g-and-4g-form-backbone-for-omans-5g.html,2022-03-29
pt-stc-bh,C,Powertec,stc Bahrain: LTE B3 (2014) and a 10 MHz B20 carrier (2017),Powertec：stc 巴林 LTE B3（2014）与 10 MHz 的 B20（2017）,https://portal.powertec.com.au/industry-resources/companies/stc-bahrain,2026-10-04
pt-batelco,C,Powertec,Batelco: LTE B3 since February 2013,Powertec：Batelco 自 2013 年 2 月起 LTE B3,https://portal.powertec.com.au/industry-resources/companies/batelco,2026-10-04
obg-bh,B,Oxford Business Group,Bahrain 2015: Batelco and Zain launched LTE on 1800 MHz in 2013,牛津商业集团：巴林 2015 年报告（Batelco、Zain 2013 年在 1800 MHz 开通 LTE）,https://oxfordbusinessgroup.com/reports/bahrain/2015-report/economy/new-technology-and-spectrum-allocation-stoke-telecoms-growth-in-bahrain,2015
pt-cht,C,Powertec,"Chunghwa Telecom: LTE B3 and B8 (2014), B7 (2016)",Powertec：中华电信 LTE B3、B8（2014），B7（2016）,https://portal.powertec.com.au/industry-resources/companies/chunghwa-telecom,2026-10-04
pt-twm,C,Powertec,"Taiwan Mobile: LTE B28 (2014), B3 (2015), B1 (2019)",Powertec：台湾大哥大 LTE B28（2014）、B3（2015）、B1（2019）,https://portal.powertec.com.au/industry-resources/companies/taiwan-mobile,2026-10-04
pt-smartone,C,Powertec,"SmarTone: LTE B3 (2012), B7 and B8 (2014), B1 (2016)",Powertec：SmarTone LTE B3（2012）、B7 与 B8（2014）、B1（2016）,https://portal.powertec.com.au/industry-resources/companies/smartone-hk,2026-10-04
pt-csl,C,Powertec,csl: LTE carrier aggregation of B3 and B7,Powertec：csl 的 LTE 以 B3 + B7 载波聚合为主,https://portal.powertec.com.au/industry-resources/companies/csl,2026-10-04
scmp-hk,B,South China Morning Post,"Hong Kong 4G: csl on 1800 and 2600 MHz; Three, PCCW and China Mobile Hong Kong on 1800 MHz",南华早报：香港 4G（csl 用 1800 与 2600 MHz；Three、PCCW、中国移动香港用 1800 MHz）,https://amp.scmp.com/business/companies/article/1024774/hong-kong-casts-wide-4g-coverage-after-smartone-launch,2012-08
pt-viettel,C,Powertec,Viettel: LTE B3 (2017) aggregated with B1; B7 in dense urban areas since 2020,Powertec：Viettel 2017 年起 LTE B3，与 B1 聚合；2020 年起在城区部署 B7,https://portal.powertec.com.au/industry-resources/companies/viettel-telecom,2026-10-04
pt-vinaphone,C,Powertec,VinaPhone: LTE B3 (2016) and B1 after 3G was switched off; 3G closed end of June 2024,Powertec：VinaPhone 2016 年起 LTE B3，3G 关闭后用 B1；3G 于 2024 年 6 月底关闭,https://portal.powertec.com.au/industry-resources/companies/vinaphone,2026-10-04
pt-ais,C,Powertec,AIS: LTE-M on B3 and NB-IoT on B8; 5G on n41 (2020) and n28 (2021),Powertec：AIS 的 LTE-M 用 B3、NB-IoT 用 B8；5G 用 n41（2020）与 n28（2021）,https://portal.powertec.com.au/industry-resources/companies/ais,2026-10-04
bp-ais,B,Bangkok Post,AIS 4G trials on 1800 MHz (CAT) and 2.3 GHz (TOT),曼谷邮报：AIS 在 1800 MHz（CAT）与 2.3 GHz（TOT）上的 4G 试验,https://www.bangkokpost.com/life/tech/277749/4g-trials-begin-in-earnest,2012
fc-my,C,FrequencyCheck,"Malaysia: LTE B1, B3, B7, B8 and B28 in use (Celcom, Digi, Maxis, U Mobile)",FrequencyCheck：马来西亚在用 LTE B1、B3、B7、B8、B28（Celcom、Digi、Maxis、U Mobile）,https://www.frequencycheck.com/compatibility/Ne8zsWd/m-horse-power2-lte-dual-sim/malaysia,2026-10-04
pt-a1,C,Powertec,"A1 Telekom Austria: LTE B7 and B20 since 2010, aggregated; NB-IoT on B20",Powertec：A1 奥地利 2010 年起 LTE B7 与 B20 并聚合；NB-IoT 用 B20,https://portal.powertec.com.au/industry-resources/companies/a1-telekom,2026-10-04
mdb-at,B,Mast Database,"Austrian spectrum deployment by band (B1, B3, B7, B8, B20, B28, B38); Drei and Magenta share B20 and B3 on 400 sites",Mast Database：奥地利各频段部署（B1、B3、B7、B8、B20、B28、B38）；Drei 与 Magenta 在 400 个基站共享 B20、B3,https://mastdatabase.co.uk/at/spectrum,2026-10-04
pedro-swisscom,C,pedroc.co.uk,"Swisscom spectrum and masts: LTE on B20, B3, B1 (20 MHz) and B7 (20 MHz)",pedroc.co.uk：Swisscom 频谱与基站（LTE 用 B20、B3、B1 与 B7）,https://www.pedroc.co.uk/international/swisscom-ch-masts-spectrum,2026-10-04
tj-be,C,Tech Junction,"Belgium: Proximus, Orange and Telenet/BASE run 4G on 800, 1800 and 2600 MHz",Tech Junction：比利时 Proximus、Orange、Telenet/BASE 的 4G 用 800、1800、2600 MHz,https://techjunction.co/?p=13553,2026-10-04
pt-base,C,Powertec,"BASE (Belgium): LTE B3 and B7 (November 2013), then B20; aggregation of B3, B7 and B20",Powertec：BASE（比利时）2013 年 11 月起 LTE B3、B7，随后 B20，三频聚合,https://portal.powertec.com.au/industry-resources/companies/base,2026-10-04
rcr-dk,B,RCR Wireless,"Telenor Denmark: LTE on 1800 MHz since March 2013, LTE+ with 2.1 GHz",RCR Wireless：Telenor 丹麦 2013 年 3 月起 LTE 1800 MHz，LTE+ 聚合 2.1 GHz,https://www.rcrwireless.com/20151208/carriers/telenor-denmark-deploys-lte-service,2015-12-08
tc-dk,B,Telecoms.com,Telia and Telenor Denmark: shared LTE on 2600 MHz and 800 MHz; Telia nationwide LTE on 1800 MHz,Telecoms.com：Telia 与 Telenor 丹麦共享 LTE（2600、800 MHz）；Telia 另有全国 1800 MHz LTE,https://www.telecoms.com/wireless-networking/telenor-and-teliasonera-gain-spectrum-for-lte-in-denmark,2012-06-28
mr-dk,D,MacRumors forum (citing Bredbåndsmatch),"Denmark: TDC on 800 and 2600 MHz, Telia/Telenor on 800, 1800 and 2600 MHz, 3 on 1800 and 2600 MHz",MacRumors 论坛（引用 Bredbåndsmatch）：丹麦 TDC 用 800、2600 MHz，Telia/Telenor 用 800、1800、2600 MHz，3 用 1800、2600 MHz,https://forums.macrumors.com/threads/4g-lte-not-working-on-our-u-s-iphones-in-denmark.1890017/,2015
pt-meo,C,Powertec,"MEO: LTE on 2.6 GHz (2012), then 800 and 1800 MHz; aggregation of B7 and B3",Powertec：MEO 2012 年起 LTE 2.6 GHz，随后 800、1800 MHz；B7 与 B3 聚合,https://portal.powertec.com.au/industry-resources/companies/meo,2026-10-04
lr-vfpt,B,Light Reading,"Vodafone Portugal wins 800, 1800 and 2600 MHz for 4G/LTE (2011 auction)",Light Reading：Vodafone 葡萄牙拍得 800、1800、2600 MHz 用于 4G（2011 年拍卖）,https://www.lightreading.com/2g-3g-4g/vodafone-gets-4g-spectrum-in-portugal,2011-12-01
ow-se,C,OperatorWatch,"Sweden: Telia 4G on 800, 1800 and 2600 MHz; Tre on 800, 2100 and 2600 MHz (partly TD-LTE band 38)",OperatorWatch：瑞典 Telia 4G 用 800、1800、2600 MHz；Tre 用 800、2100、2600 MHz（部分为 TDD B38）,https://www.operatorwatch.com/search/label/Operator%20Telia%20Sweden,2026-10-04
kth-se,B,KTH Royal Institute of Technology,"Tele2 mobile rollout: Tele2/Telenor LTE on 800, 900, 1800 and 2600 MHz",瑞典皇家理工学院：Tele2 网络部署（Tele2/Telenor LTE 用 800、900、1800、2600 MHz）,https://kth.se/social/files/5480c04ef276546592cefa12/Mobile+Rollout+KTH+2014+v3.pdf,2014
gsma-b28,A,"GSMA (Huawei, 2018)","APT700 (B28) deployments: Claro, Movistar and Personal in Argentina; Claro, Entel and Movistar in Chile with B28 + B7 aggregation",GSMA（华为，2018）：APT700（B28）部署（阿根廷 Claro、Movistar、Personal；智利 Claro、Entel、Movistar，B28 + B7 聚合）,https://www.gsma.com/connectivity-for-good/spectrum/wp-content/uploads/2018/08/7.-Huawei-rev.pdf,2018-08
wp-lte,C,Wikipedia,List of LTE networks: Argentina (Claro B4; Movistar and Personal B28 aggregated with B4),维基百科：LTE 网络列表（阿根廷 Claro B4；Movistar、Personal B28 与 B4 聚合）,https://en.wikipedia.org/wiki/List_of_LTE_networks,2026-10-04
ts-ar,B,TeleSemana,LTE-A in Latin America: Movistar and Personal Argentina on AWS + 700 MHz; Entel and Movistar Chile on 2600 + 700 MHz,TeleSemana：拉美 LTE-A（阿根廷 Movistar、Personal 用 AWS + 700 MHz；智利 Entel、Movistar 用 2600 + 700 MHz）,https://www.telesemana.com/blog/2016/09/20/telefonica-argentina-alcanzo-288-mbps-en-pruebas-de-lte-a/,2016-09-20
ap-cl,C,Androidphoria,"Chile 4G bands: B7 and B28 on Movistar, Entel and Claro; B4 on WOM",Androidphoria：智利 4G 频段（Movistar、Entel、Claro 用 B7、B28；WOM 用 B4）,https://androidphoria.com/desarrollo/frecuencias-4g-chile,2026-10-04
pt-salt,C,Powertec,"Salt (Switzerland): LTE B3 (May 2013), B7 (November 2013), B20 (2014), B1 (2019)",Powertec：Salt（瑞士）LTE B3（2013 年 5 月）、B7（2013 年 11 月）、B20（2014）、B1（2019）,https://portal.powertec.com.au/industry-resources/companies/salt,2026-10-04
pt-sunrise,C,Powertec,"Sunrise (Switzerland): LTE B3 and B7 (June 2013), then B20; 5 MHz of B28 and a B67 downlink-only carrier since 2019",Powertec：Sunrise（瑞士）2013 年 6 月起 LTE B3、B7，随后 B20；2019 年起 5 MHz 的 B28 与只能接收的 B67,https://portal.powertec.com.au/industry-resources/companies/sunrise,2026-10-04
pt-truemove,C,Powertec,"TrueMove H: LTE B1 (2013), B3 (2015), aggregation B1+B3+B8, then B41; B40 after the dtac merger",Powertec：TrueMove H LTE B1（2013）、B3（2015），B1+B3+B8 聚合，后加 B41；与 dtac 合并后取得 B40,https://portal.powertec.com.au/industry-resources/companies/truemove-h,2026-10-04
pt-nt,C,Powertec,National Telecom (Thailand): deployed B28 in 2024,Powertec：泰国国家电信（NT）2024 年部署 B28,https://portal.powertec.com.au/industry-resources/companies/national-telecom,2026-10-04
wp-unifi,C,Wikipedia,"Unifi Mobile: LTE B5 (850 MHz), B40 (2300 MHz) and B38 (2600 MHz); Maxis domestic roaming since mid-2023",维基百科：Unifi Mobile LTE B5（850 MHz）、B40（2300 MHz）、B38（2600 MHz）；2023 年中起经 Maxis 国内漫游,https://en.wikipedia.org/wiki/Unifi_Mobile,2026-10-04
ly-yes,D,Lowyat forum (citing CellMapper),"Yes 4G (YTL): LTE B20, B38 and B40",Lowyat 论坛（引用 CellMapper）：Yes 4G（YTL）LTE B20、B38、B40,https://forum.lowyat.net/topic/3978281/+800,2026-10-04
mwj-fet,B,Microwave Journal,Ericsson enables FarEasTone to launch the world’s first LTE service on the APT700 band,Microwave Journal：爱立信助远传推出全球首个 APT700（B28）商用 LTE,https://www.microwavejournal.com/articles/22422-ericsson-enables-taiwans-fareastone-to-launch-worlds-first-lte-service-on-apt700-band,2014
ow-vn,C,OperatorWatch,"Vietnam: 4G on 1800 MHz after Viettel, VinaPhone, MobiFone and Gmobile were licensed in 2016",OperatorWatch：越南 2016 年发牌后 Viettel、VinaPhone、MobiFone 等在 1800 MHz 开通 4G,https://www.operatorwatch.com/2022/03,2022-03
pds-pt,D,Prepaid Data SIM Card wiki,"Portugal: 4G launched in 2012 on MEO, Vodafone and NOS on 800, 1800 and 2600 MHz (B20, B3, B7)",预付费数据卡百科：葡萄牙 2012 年 MEO、Vodafone、NOS 在 800、1800、2600 MHz 开通 4G,https://prepaid-data-sim-card.fandom.com/wiki/Portugal,2026-10-04
tx-digi,B,TowerXchange,"Digi Portugal launches as the fourth MNO; Nowo holds 1800, 2600 and 3600 MHz licences",TowerXchange：Digi 葡萄牙作为第四家运营商开业，Nowo 持有 1800、2600、3600 MHz 执照,https://towerxchange.com/article/2dzfr3zvsjie6tqgg9khs/news-digi-portugal-launches-as-countrys-newest-mno,2024-11-05
pt-vfpt,C,Powertec,Vodafone Portugal: LTE on 800 MHz and 2.6 GHz since 2012; B1 and B8 added in August 2024,Powertec：Vodafone 葡萄牙 2012 年起 LTE 800 MHz 与 2.6 GHz；2024 年 8 月加 B1、B8,https://portal.powertec.com.au/industry-resources/companies/vodafone-portugal,2026-10-04
wiki-lte-eu,C,Wikipedia,List of LTE networks in Europe (bands in use by operator),维基百科：欧洲 LTE 网络列表（各运营商在用频段）,https://en.wikipedia.org/wiki/List_of_LTE_networks_in_Europe,2026-10-06
giztop-nr,C,Giztop,5G NR network band country list (compiled from the Wikipedia list of 5G NR networks),Giztop：各国 5G NR 频段列表（整理自维基百科 5G NR 网络列表）,https://www.giztop.com/5g-network-bands,2026-10-06
dt-5g-roam,B,Deutsche Telekom,5G service footprint: roaming partners and their deployment bands,德国电信：5G 服务覆盖与漫游伙伴的部署频段,https://testhardware.iot.telekom.com/LoadDocument/5965643447777626880/DT%205G%20Service%20Footprint.pdf,2022-12-01
dt-iot-roam,B,Deutsche Telekom IoT,"LTE-M and NB-IoT roaming partners in Europe, with deployment bands",德国电信物联网：欧洲 LTE-M 与 NB-IoT 漫游伙伴及部署频段,https://hub.iot.telekom.com/docs/device-to-cloud/general-info/roaming-network-info/,2026-10-06
onomondo-ltem,C,Onomondo,Global LTE-M coverage: networks by country and status,Onomondo：全球 LTE-M 覆盖（按国家与状态）,https://onomondo.com/en-gb/coverage/lte-m/,2026-10-06
fc-telekom-hu,C,FrequencyCheck,"Telekom Hungary: LTE and 5G NR bands (B28, n1, n28, n78 added August 2024)",FrequencyCheck：匈牙利 Telekom 的 LTE 与 5G NR 频段（2024 年 8 月加入 B28、n1、n28、n78）,https://www.frequencycheck.com/carriers/telekom-hungary,2026-10-06
miit-2607,B,新京报（工信部数据）,MIIT: Jan–Jul 2026 telecom statistics (5G base stations 5.154 million),工信部：2026 年前 7 个月通信业经济运行情况,https://www.bjnews.com.cn/detail/1788529133189333.html,2026-08
miit-2607b,B,C114（工信微报）,MIIT: 5G mobile users pass 1.3 billion; 2.993 billion mobile IoT terminals,工信部：5G 手机用户超 13 亿；移动物联网终端 29.93 亿,https://m.c114.com.cn/w16-1316522.html,2026-08-28
miit-2606,B,IT之家（工信部数据）,"MIIT: H1 2026 (5.102 million 5G base stations, 1.288 billion 5G users, 2.994 billion IoT terminals)",工信部：2026 年上半年通信业经济运行情况,https://www.ithome.com/0/984/299.htm,2026-07-31
miit-2605,B,格隆汇（工信部数据）,"MIIT: Jan–May 2026 (5.053 million 5G base stations, 39% of all)",工信部：2026 年前 5 个月通信业数据,https://m.gelonghui.com/live/2523102,2026-06-26
miit-2604,B,IT之家（工信部数据）,MIIT: 5G base stations pass 5 million at end-April 2026 (4.439 million a year earlier),工信部：4 月末 5G 基站首次突破 500 万,https://www.ithome.com/0/955/123.htm,2026-05-26
miit-2025,B,36氪（工信部数据）,"MIIT 2025 statistical bulletin: 4.838 million 5G base stations, 2.064 million RedCap base stations, 1.204 billion 5G users",工信部 2025 年通信业统计公报,https://www.36kr.com/newsflashes/3658703058788995,2026-01-28
miit-2508,B,新华社（中国日报网）,"MIIT: Jan–Aug 2025 (4.646 million 5G base stations, 1.154 billion 5G users, 2.872 billion IoT terminals)",工信部：2025 年前 8 个月通信业数据,https://cn.chinadaily.com.cn/a/202509/23/WS68d2a8c7a310f0725774a40e.html,2025-09-23
c114-redcap,B,C114,"Where 5G RedCap stands in China (China Mobile >730,000 RedCap base stations; Omdia: 5.1 billion cellular IoT connections by 2030)",C114：5G RedCap 发展到哪一步了,https://m.c114.com.cn/w2488-1298238.html,2025-10-09
gti-redcap,B,Mobile World Live (GTI),RedCap scaling to 100 million connections by 2027,GTI：RedCap 连接 2027 年破亿,https://www.mobileworldlive.com/the-44th-gti-workshop-redcap-scaling-to-100-million-unleashing-the-new-blue-ocean-of-intelligent-connectivity/,2026
ericsson-2606,B,Ericsson,"Ericsson Mobility Report, June 2026 (5G close to 3.3 billion; 84 network-slicing offers, up from 65 in six months)",爱立信移动报告 2026 年 6 月,https://www.ericsson.com/en/mobility-report/latest-mobile-statistics,2026-06
elespanol-emr,B,El Español,5G subscriptions passed 3.1 billion in Q1 2026 (162 million added),El Español：2026 年一季度全球 5G 用户超 31 亿,https://www.elespanol.com/invertia/empresas/tecnologia/20260616/conexiones-llegan-millones-mundo-banda-ancha-satelital/1003744286580_0.amp.html,2026-06-16
gsa-redcap-2503,B,GSA,"5G RedCap, March 2025 (26 operators in 18 markets)",GSA《5G RedCap》2025 年 3 月,https://gsacom.com/?p=19070,2025-03
gsa-redcap-2504,B,GSA,"5G RedCap, April 2025 (30 operators in 21 markets; 6 launches)",GSA《5G RedCap》2025 年 4 月,https://gsacom.com/?p=19252,2025-04
gsa-redcap-2509,B,GSA,"5G RedCap, September 2025 (34 operators in 24 markets; 17 modules)",GSA《5G RedCap》2025 年 9 月,https://gsacom.com/?p=19810,2025-09
iota-2025,B,IoT Analytics,"Number of connected IoT devices: 18.5 billion in 2024, 21.1 billion expected in 2025, 39 billion by 2030; Wi-Fi 32%, Bluetooth 24%, cellular 22%",IoT Analytics：联网物联网设备 2024 年 185 亿台，2025 年预计 211 亿台，2030 年 390 亿台,https://iot-analytics.com/number-connected-iot-devices/,2025-10
iota-2035,B,TelcoNews (IoT Analytics),"Connected IoT devices to pass 50 billion by 2035; Cat-1/Cat-1 bis take the volume, 5G the revenue",TelcoNews（IoT Analytics）：2035 年超过 500 亿台,https://telconews.com.au/story/global-iot-devices-to-exceed-20-billion-in-2024-led-by-china,2025-10-29
berg-cell,B,Berg Insight (via IoT M2M Council),"Cellular IoT connections reached 4.2 billion at end-2025 (+11%), 6.5 billion by 2030; operator ranking",Berg Insight：2025 年底全球蜂窝物联网连接 42 亿；运营商排名,https://iotm2mcouncil.org/iot-library/news/iot-newsdesk/cellular-connected-iot-devices-to-hit-6-5bn-by-2030/,2026-07-29
cp-iot-q2-26,B,Counterpoint Research,Cellular IoT module shipments rise 11% YoY in Q2 2026; Cat 1 bis exceeds half for the first time,Counterpoint：2026 年二季度模组出货同比增 11%，Cat 1 bis 首次过半,https://counterpointresearch.com/en/insights/global-cellular-iot-module-shipments-rise-11-yoy-in-4g-cat-1-bis-exceeds-half,2026-09-16
cp-iot-q1-25,B,Counterpoint Research,Cellular IoT module shipments up 16% YoY in Q1 2025; 5G the fastest-growing (+37%),Counterpoint：2025 年一季度模组出货同比增 16%,https://www.counterpointresearch.com/insight/global-cellular-iot-module-market-q1-2025/,2025-06-12
cp-iot-q2-25,C,LinkedIn (quoting Counterpoint),Q2 2025 module shipments +17% YoY; 5G reached an 8% share,领英（引用 Counterpoint）：2025 年二季度出货增 17%，5G 占 8%,https://il.linkedin.com/in/nir-segal-31177b21,2025-09
berg-sat,B,Berg Insight (via IoT M2M Council),"Satellite IoT subscribers passed 5.8 million in 2024, 32.5 million by 2029; Iridium leads with 2.0 million",Berg Insight：卫星物联网用户 2024 年 580 万，2029 年 3250 万,https://iotm2mcouncil.org/iot-library/news/iot-newsdesk/satellite-iot-subscribers-to-top-40-cagr-says-berg/,2025-09-24
abi-sat,B,ABI Research,Satellite IoT enters 2026 with NB-NTN: 13.6 million active connections in 2025 (+20.7%),ABI：2025 年卫星物联网活跃连接 1360 万,https://www.abiresearch.com/market-research/insight/7787414-satellite-iot-enters-2026-with-new-nb-ntn-?hsLang=en,2026
abi-redcap,B,ABI Research,"RedCap module shipments by region (2029: China 31 million, US 13 million)",ABI：RedCap 模组分地区出货预测,https://abiresearch.com/news-resources/chart-data/redcap-module-shipments-by-region,2024-08
